date,CUSR0000SAE1,CUSR0000SAE2,CPIEDUSL,AHETPI,MEHOINUSA672N
1964-01-01,,,,2.5,
1964-02-01,,,,2.5,
1964-03-01,,,,2.51,
1964-04-01,,,,2.52,
1964-05-01,,,,2.52,
1964-06-01,,,,2.53,
1964-07-01,,,,2.54,
1964-08-01,,,,2.55,
1964-09-01,,,,2.56,
1964-10-01,,,,2.55,
1964-11-01,,,,2.56,
1964-12-01,,,,2.58,
1965-01-01,,,,2.58,
1965-02-01,,,,2.59,
1965-03-01,,,,2.61,
1965-04-01,,,,2.6,
1965-05-01,,,,2.62,
1965-06-01,,,,2.63,
1965-07-01,,,,2.63,
1965-08-01,,,,2.64,
1965-09-01,,,,2.65,
1965-10-01,,,,2.66,
1965-11-01,,,,2.67,
1965-12-01,,,,2.67,
1966-01-01,,,,2.68,
1966-02-01,,,,2.69,
1966-03-01,,,,2.7,
1966-04-01,,,,2.71,
1966-05-01,,,,2.72,
1966-06-01,,,,2.73,
1966-07-01,,,,2.74,
1966-08-01,,,,2.75,
1966-09-01,,,,2.76,
1966-10-01,,,,2.77,
1966-11-01,,,,2.78,
1966-12-01,,,,2.78,
1967-01-01,,,,2.8,
1967-02-01,,,,2.81,
1967-03-01,,,,2.81,
1967-04-01,,,,2.82,
1967-05-01,,,,2.83,
1967-06-01,,,,2.85,
1967-07-01,,,,2.86,
1967-08-01,,,,2.88,
1967-09-01,,,,2.88,
1967-10-01,,,,2.89,
1967-11-01,,,,2.91,
1967-12-01,,,,2.92,
1968-01-01,,,,2.94,
1968-02-01,,,,2.95,
1968-03-01,,,,2.97,
1968-04-01,,,,2.99,
1968-05-01,,,,3.0,
1968-06-01,,,,3.01,
1968-07-01,,,,3.03,
1968-08-01,,,,3.04,
1968-09-01,,,,3.07,
1968-10-01,,,,3.08,
1968-11-01,,,,3.1,
1968-12-01,,,,3.11,
1969-01-01,,,,3.12,
1969-02-01,,,,3.14,
1969-03-01,,,,3.16,
1969-04-01,,,,3.18,
1969-05-01,,,,3.19,
1969-06-01,,,,3.21,
1969-07-01,,,,3.22,
1969-08-01,,,,3.24,
1969-09-01,,,,3.26,
1969-10-01,,,,3.28,
1969-11-01,,,,3.3,
1969-12-01,,,,3.31,
1970-01-01,,,,3.31,
1970-02-01,,,,3.33,
1970-03-01,,,,3.36,
1970-04-01,,,,3.36,
1970-05-01,,,,3.37,
1970-06-01,,,,3.4,
1970-07-01,,,,3.41,
1970-08-01,,,,3.44,
1970-09-01,,,,3.45,
1970-10-01,,,,3.45,
1970-11-01,,,,3.47,
1970-12-01,,,,3.5,
1971-01-01,,,,3.53,
1971-02-01,,,,3.55,
1971-03-01,,,,3.56,
1971-04-01,,,,3.58,
1971-05-01,,,,3.61,
1971-06-01,,,,3.62,
1971-07-01,,,,3.63,
1971-08-01,,,,3.66,
1971-09-01,,,,3.67,
1971-10-01,,,,3.68,
1971-11-01,,,,3.7,
1971-12-01,,,,3.73,
1972-01-01,,,,3.8,
1972-02-01,,,,3.82,
1972-03-01,,,,3.84,
1972-04-01,,,,3.86,
1972-05-01,,,,3.88,
1972-06-01,,,,3.88,
1972-07-01,,,,3.9,
1972-08-01,,,,3.92,
1972-09-01,,,,3.94,
1972-10-01,,,,3.97,
1972-11-01,,,,3.99,
1972-12-01,,,,4.0,
1973-01-01,,,,4.03,
1973-02-01,,,,4.05,
1973-03-01,,,,4.06,
1973-04-01,,,,4.09,
1973-05-01,,,,4.1,
1973-06-01,,,,4.12,
1973-07-01,,,,4.15,
1973-08-01,,,,4.16,
1973-09-01,,,,4.2,
1973-10-01,,,,4.21,
1973-11-01,,,,4.24,
1973-12-01,,,,4.25,
1974-01-01,,,,4.27,
1974-02-01,,,,4.29,
1974-03-01,,,,4.32,
1974-04-01,,,,4.33,
1974-05-01,,,,4.4,
1974-06-01,,,,4.44,
1974-07-01,,,,4.45,
1974-08-01,,,,4.49,
1974-09-01,,,,4.53,
1974-10-01,,,,4.56,
1974-11-01,,,,4.57,
1974-12-01,,,,4.6,
1975-01-01,,,,4.61,
1975-02-01,,,,4.64,
1975-03-01,,,,4.67,
1975-04-01,,,,4.67,
1975-05-01,,,,4.69,
1975-06-01,,,,4.72,
1975-07-01,,,,4.74,
1975-08-01,,,,4.78,
1975-09-01,,,,4.79,
1975-10-01,,,,4.82,
1975-11-01,,,,4.86,
1975-12-01,,,,4.87,
1976-01-01,,,,4.9,
1976-02-01,,,,4.93,
1976-03-01,,,,4.95,
1976-04-01,,,,4.98,
1976-05-01,,,,5.01,
1976-06-01,,,,5.03,
1976-07-01,,,,5.06,
1976-08-01,,,,5.11,
1976-09-01,,,,5.14,
1976-10-01,,,,5.16,
1976-11-01,,,,5.21,
1976-12-01,,,,5.23,
1977-01-01,,,,5.26,
1977-02-01,,,,5.3,
1977-03-01,,,,5.32,
1977-04-01,,,,5.36,
1977-05-01,,,,5.4,
1977-06-01,,,,5.42,
1977-07-01,,,,5.46,
1977-08-01,,,,5.48,
1977-09-01,,,,5.51,
1977-10-01,,,,5.55,
1977-11-01,,,,5.58,
1977-12-01,,,,5.61,
1978-01-01,,,,5.66,
1978-02-01,,,,5.69,
1978-03-01,,,,5.73,
1978-04-01,,,,5.79,
1978-05-01,,,,5.82,
1978-06-01,,,,5.86,
1978-07-01,,,,5.9,
1978-08-01,,,,5.92,
1978-09-01,,,,5.97,
1978-10-01,,,,6.02,
1978-11-01,,,,6.05,
1978-12-01,,,,6.1,
1979-01-01,,,,6.13,
1979-02-01,,,,6.18,
1979-03-01,,,,6.22,
1979-04-01,,,,6.21,
1979-05-01,,,,6.27,
1979-06-01,,,,6.32,
1979-07-01,,,,6.36,
1979-08-01,,,,6.4,
1979-09-01,,,,6.45,
1979-10-01,,,,6.46,
1979-11-01,,,,6.51,
1979-12-01,,,,6.56,
1980-01-01,,,,6.57,
1980-02-01,,,,6.63,
1980-03-01,,,,6.69,
1980-04-01,,,,6.72,
1980-05-01,,,,6.76,
1980-06-01,,,,6.82,
1980-07-01,,,,6.86,
1980-08-01,,,,6.91,
1980-09-01,,,,6.95,
1980-10-01,,,,7.02,
1980-11-01,,,,7.09,
1980-12-01,,,,7.13,
1981-01-01,,,,7.18,
1981-02-01,,,,7.23,
1981-03-01,,,,7.29,
1981-04-01,,,,7.33,
1981-05-01,,,,7.37,
1981-06-01,,,,7.41,
1981-07-01,,,,7.45,
1981-08-01,,,,7.52,
1981-09-01,,,,7.56,
1981-10-01,,,,7.59,
1981-11-01,,,,7.63,
1981-12-01,,,,7.64,
1982-01-01,,,,7.72,
1982-02-01,,,,7.72,
1982-03-01,,,,7.75,
1982-04-01,,,,7.77,
1982-05-01,,,,7.84,
1982-06-01,,,,7.85,
1982-07-01,,,,7.9,
1982-08-01,,,,7.94,
1982-09-01,,,,7.94,
1982-10-01,,,,7.96,
1982-11-01,,,,7.98,
1982-12-01,,,,8.01,
1983-01-01,,,,8.06,
1983-02-01,,,,8.09,
1983-03-01,,,,8.1,
1983-04-01,,,,8.13,
1983-05-01,,,,8.17,
1983-06-01,,,,8.19,
1983-07-01,,,,8.22,
1983-08-01,,,,8.2,
1983-09-01,,,,8.27,
1983-10-01,,,,8.31,
1983-11-01,,,,8.31,
1983-12-01,,,,8.33,
1984-01-01,,,,8.38,60420.0
1984-02-01,,,,8.38,
1984-03-01,,,,8.41,
1984-04-01,,,,8.45,
1984-05-01,,,,8.45,
1984-06-01,,,,8.48,
1984-07-01,,,,8.51,
1984-08-01,,,,8.51,
1984-09-01,,,,8.55,
1984-10-01,,,,8.55,
1984-11-01,,,,8.57,
1984-12-01,,,,8.61,
1985-01-01,,,,8.61,61570.0
1985-02-01,,,,8.64,
1985-03-01,,,,8.66,
1985-04-01,,,,8.69,
1985-05-01,,,,8.7,
1985-06-01,,,,8.74,
1985-07-01,,,,8.74,
1985-08-01,,,,8.76,
1985-09-01,,,,8.8,
1985-10-01,,,,8.79,
1985-11-01,,,,8.81,
1985-12-01,,,,8.87,
1986-01-01,,,,8.85,63850.0
1986-02-01,,,,8.88,
1986-03-01,,,,8.89,
1986-04-01,,,,8.88,
1986-05-01,,,,8.9,
1986-06-01,,,,8.92,
1986-07-01,,,,8.91,
1986-08-01,,,,8.94,
1986-09-01,,,,8.94,
1986-10-01,,,,8.96,
1986-11-01,,,,9.01,
1986-12-01,,,,9.01,
1987-01-01,,,,9.02,64650.0
1987-02-01,,,,9.05,
1987-03-01,,,,9.07,
1987-04-01,,,,9.08,
1987-05-01,,,,9.11,
1987-06-01,,,,9.11,
1987-07-01,,,,9.12,
1987-08-01,,,,9.18,
1987-09-01,,,,9.19,
1987-10-01,,,,9.22,
1987-11-01,,,,9.27,
1987-12-01,,,,9.28,
1988-01-01,,,,9.29,65130.0
1988-02-01,,,,9.29,
1988-03-01,,,,9.31,
1988-04-01,,,,9.36,
1988-05-01,,,,9.41,
1988-06-01,,,,9.41,
1988-07-01,,,,9.45,
1988-08-01,,,,9.46,
1988-09-01,,,,9.51,
1988-10-01,,,,9.56,
1988-11-01,,,,9.58,
1988-12-01,,,,9.6,
1989-01-01,,,,9.65,66240.0
1989-02-01,,,,9.68,
1989-03-01,,,,9.7,
1989-04-01,,,,9.75,
1989-05-01,,,,9.74,
1989-06-01,,,,9.77,
1989-07-01,,,,9.83,
1989-08-01,,,,9.83,
1989-09-01,,,,9.87,
1989-10-01,,,,9.92,
1989-11-01,,,,9.93,
1989-12-01,,,,9.98,
1990-01-01,,,,10.02,65440.0
1990-02-01,,,,10.07,
1990-03-01,,,,10.11,
1990-04-01,,,,10.12,
1990-05-01,,,,10.16,
1990-06-01,,,,10.2,
1990-07-01,,,,10.22,
1990-08-01,,,,10.24,
1990-09-01,,,,10.27,
1990-10-01,,,,10.3,
1990-11-01,,,,10.32,
1990-12-01,,,,10.34,
1991-01-01,,,,10.37,63530.0
1991-02-01,,,,10.39,
1991-03-01,,,,10.41,
1991-04-01,,,,10.46,
1991-05-01,,,,10.5,
1991-06-01,,,,10.51,
1991-07-01,,,,10.54,
1991-08-01,,,,10.56,
1991-09-01,,,,10.58,
1991-10-01,,,,10.59,
1991-11-01,,,,10.61,
1991-12-01,,,,10.64,
1992-01-01,,,,10.64,63010.0
1992-02-01,,,,10.66,
1992-03-01,,,,10.68,
1992-04-01,,,,10.72,
1992-05-01,,,,10.74,
1992-06-01,,,,10.77,
1992-07-01,,,,10.78,
1992-08-01,,,,10.81,
1992-09-01,,,,10.83,
1992-10-01,,,,10.85,
1992-11-01,,,,10.86,
1992-12-01,,,,10.9,
1993-01-01,76.1,,84.1,10.93,62700.0
1993-02-01,76.5,,84.3,10.95,
1993-03-01,77.0,,84.6,10.99,
1993-04-01,77.4,,84.8,10.99,
1993-05-01,77.8,,85.2,11.01,
1993-06-01,78.3,,85.4,11.03,
1993-07-01,78.7,,85.6,11.05,
1993-08-01,79.1,,86.0,11.07,
1993-09-01,79.5,,86.3,11.09,
1993-10-01,79.9,,86.5,11.13,
1993-11-01,80.3,,86.8,11.15,
1993-12-01,80.8,,87.2,11.18,
1994-01-01,81.1,,87.3,11.2,63370.0
1994-02-01,81.5,,87.9,11.25,
1994-03-01,81.9,,88.1,11.25,
1994-04-01,82.3,,88.3,11.27,
1994-05-01,82.8,,88.6,11.29,
1994-06-01,83.2,,88.9,11.31,
1994-07-01,83.6,,89.1,11.34,
1994-08-01,83.9,,89.3,11.36,
1994-09-01,84.3,,89.4,11.39,
1994-10-01,84.6,,89.6,11.42,
1994-11-01,85.0,,89.8,11.45,
1994-12-01,85.4,,90.1,11.48,
1995-01-01,85.8,,91.1,11.48,65380.0
1995-02-01,86.4,,91.2,11.52,
1995-03-01,86.7,,91.3,11.55,
1995-04-01,87.0,,91.6,11.56,
1995-05-01,87.4,,91.7,11.59,
1995-06-01,87.7,,92.1,11.63,
1995-07-01,88.1,,92.3,11.67,
1995-08-01,88.6,,92.5,11.69,
1995-09-01,89.0,,92.9,11.73,
1995-10-01,89.4,,93.1,11.75,
1995-11-01,89.8,,93.3,11.78,
1995-12-01,90.2,,93.7,11.81,
1996-01-01,90.6,,93.9,11.86,66340.0
1996-02-01,91.0,,94.2,11.87,
1996-03-01,91.4,,94.6,11.89,
1996-04-01,91.9,,94.3,11.96,
1996-05-01,92.2,,95.0,11.98,
1996-06-01,92.5,,95.3,12.03,
1996-07-01,92.9,,95.6,12.05,
1996-08-01,93.2,,95.8,12.1,
1996-09-01,93.5,,96.1,12.13,
1996-10-01,93.9,,96.4,12.16,
1996-11-01,94.3,,96.6,12.2,
1996-12-01,94.7,,96.9,12.24,
1997-01-01,95.1,,97.2,12.29,67720.0
1997-02-01,95.4,,97.4,12.31,
1997-03-01,95.8,,97.7,12.35,
1997-04-01,96.1,,97.9,12.39,
1997-05-01,96.6,,98.2,12.43,
1997-06-01,97.0,,98.5,12.46,
1997-07-01,97.4,,98.7,12.5,
1997-08-01,97.9,,98.7,12.57,
1997-09-01,98.4,,99.0,12.6,
1997-10-01,98.8,,99.3,12.66,
1997-11-01,99.1,,99.5,12.71,
1997-12-01,99.6,,99.8,12.75,
1998-01-01,100.0,99.6,99.8,12.79,70200.0
1998-02-01,100.3,99.2,99.7,12.83,
1998-03-01,100.7,99.3,100.0,12.87,
1998-04-01,101.2,99.3,100.2,12.92,
1998-05-01,101.7,99.4,100.5,12.97,
1998-06-01,102.0,99.4,100.6,12.99,
1998-07-01,102.3,99.1,100.6,13.0,
1998-08-01,102.6,97.9,100.1,13.07,
1998-09-01,103.0,97.9,100.3,13.11,
1998-10-01,103.4,97.8,100.4,13.14,
1998-11-01,103.8,97.8,100.6,13.17,
1998-12-01,104.2,97.1,100.5,13.21,
1999-01-01,104.6,96.9,100.5,13.27,71980.0
1999-02-01,105.2,96.8,100.8,13.3,
1999-03-01,105.7,96.5,100.8,13.34,
1999-04-01,106.1,96.5,101.0,13.38,
1999-05-01,106.5,95.9,100.9,13.42,
1999-06-01,106.9,95.7,101.0,13.47,
1999-07-01,107.3,95.5,101.1,13.51,
1999-08-01,107.6,95.6,101.3,13.53,
1999-09-01,108.0,95.7,101.5,13.61,
1999-10-01,108.4,95.4,101.6,13.64,
1999-11-01,108.5,95.9,101.8,13.66,
1999-12-01,108.9,95.6,101.9,13.7,
2000-01-01,109.9,96.0,102.6,13.74,71790.0
2000-02-01,110.4,94.7,102.2,13.8,
2000-03-01,110.9,94.2,102.1,13.85,
2000-04-01,111.4,93.8,102.2,13.89,
2000-05-01,111.9,93.7,102.3,13.94,
2000-06-01,112.7,92.6,102.1,13.98,
2000-07-01,113.1,93.3,102.7,14.02,
2000-08-01,113.0,93.7,102.8,14.07,
2000-09-01,113.4,92.1,102.2,14.12,
2000-10-01,114.0,93.1,103.0,14.17,
2000-11-01,114.5,92.3,102.8,14.23,
2000-12-01,115.0,93.0,103.4,14.29,
2001-01-01,115.4,93.3,103.8,14.29,70610.0
2001-02-01,115.8,93.2,103.9,14.36,
2001-03-01,116.4,93.7,104.4,14.42,
2001-04-01,116.9,93.3,104.5,14.44,
2001-05-01,117.5,92.9,104.6,14.5,
2001-06-01,118.2,93.1,105.0,14.54,
2001-07-01,118.7,93.6,105.5,14.55,
2001-08-01,119.4,93.5,105.8,14.6,
2001-09-01,120.0,93.1,105.8,14.62,
2001-10-01,120.7,93.6,106.4,14.66,
2001-11-01,121.3,93.3,106.5,14.72,
2001-12-01,121.5,93.4,106.7,14.74,
2002-01-01,122.2,93.4,107.0,14.76,70040.0
2002-02-01,123.1,93.1,107.2,14.78,
2002-03-01,123.7,92.0,106.8,14.83,
2002-04-01,124.3,91.2,106.6,14.84,
2002-05-01,124.9,91.9,107.2,14.88,
2002-06-01,125.7,91.8,107.5,14.93,
2002-07-01,126.4,92.6,108.2,14.97,
2002-08-01,127.0,93.2,108.9,15.02,
2002-09-01,127.7,92.5,108.7,15.05,
2002-10-01,128.2,92.2,108.8,15.12,
2002-11-01,128.8,91.8,108.8,15.15,
2002-12-01,129.3,91.8,109.0,15.2,
2003-01-01,130.2,92.0,109.5,15.22,70080.0
2003-02-01,130.9,91.9,109.7,15.28,
2003-03-01,131.6,91.3,109.6,15.27,
2003-04-01,132.3,90.5,109.4,15.28,
2003-05-01,133.0,89.8,109.3,15.33,
2003-06-01,133.6,89.2,109.1,15.36,
2003-07-01,134.3,89.4,109.6,15.4,
2003-08-01,135.9,89.0,110.0,15.42,
2003-09-01,136.7,88.6,110.1,15.42,
2003-10-01,137.3,88.4,110.2,15.42,
2003-11-01,137.8,88.2,110.3,15.46,
2003-12-01,138.8,88.2,110.7,15.47,
2004-01-01,139.6,88.1,110.9,15.51,69970.0
2004-02-01,140.3,88.1,111.2,15.53,
2004-03-01,141.1,87.7,111.3,15.56,
2004-04-01,141.9,87.4,111.3,15.59,
2004-05-01,142.5,86.9,111.2,15.63,
2004-06-01,143.4,86.8,111.5,15.67,
2004-07-01,143.9,86.5,111.6,15.69,
2004-08-01,144.7,86.1,111.6,15.73,
2004-09-01,145.7,86.2,112.0,15.78,
2004-10-01,146.3,85.5,111.8,15.81,
2004-11-01,147.0,85.6,112.1,15.84,
2004-12-01,147.8,85.4,112.3,15.86,
2005-01-01,148.4,85.4,112.5,15.9,71060.0
2005-02-01,149.2,85.4,112.8,15.93,
2005-03-01,150.0,85.2,113.0,15.97,
2005-04-01,150.8,85.3,113.4,16.01,
2005-05-01,151.7,84.9,113.4,16.03,
2005-06-01,152.5,84.6,113.5,16.08,
2005-07-01,153.2,84.4,113.7,16.15,
2005-08-01,153.5,84.0,113.5,16.17,
2005-09-01,154.7,84.6,114.4,16.19,
2005-10-01,155.3,84.2,114.3,16.28,
2005-11-01,156.0,84.4,114.8,16.3,
2005-12-01,156.8,84.3,115.0,16.36,
2006-01-01,157.9,84.5,115.5,16.42,71850.0
2006-02-01,158.4,84.4,115.6,16.48,
2006-03-01,159.1,84.3,115.8,16.54,
2006-04-01,159.9,84.4,116.2,16.63,
2006-05-01,160.7,84.1,116.3,16.66,
2006-06-01,161.6,84.2,116.7,16.72,
2006-07-01,162.4,84.4,117.1,16.78,
2006-08-01,163.3,84.3,117.3,16.82,
2006-09-01,164.1,84.2,117.5,16.87,
2006-10-01,165.0,84.0,117.7,16.93,
2006-11-01,165.8,83.4,117.6,16.98,
2006-12-01,166.7,83.1,117.7,17.05,
2007-01-01,167.169,82.748,117.631,17.09,73010.0
2007-02-01,167.969,82.818,117.967,17.16,
2007-03-01,168.879,83.071,118.47,17.22,
2007-04-01,169.525,83.128,118.742,17.27,
2007-05-01,170.222,83.725,119.407,17.34,
2007-06-01,170.802,83.578,119.513,17.41,
2007-07-01,171.602,83.544,119.777,17.46,
2007-08-01,172.286,83.666,120.107,17.5,
2007-09-01,172.938,83.726,120.384,17.55,
2007-10-01,174.076,83.699,120.773,17.58,
2007-11-01,175.08,83.316,120.867,17.63,
2007-12-01,176.004,83.372,121.238,17.68,
2008-01-01,176.97,83.376,121.592,17.74,70520.0
2008-02-01,177.556,83.354,121.769,17.8,
2008-03-01,178.221,83.444,122.059,17.88,
2008-04-01,179.145,83.58,122.467,17.92,
2008-05-01,179.844,83.876,122.922,17.98,
2008-06-01,180.662,84.378,123.573,18.04,
2008-07-01,181.329,84.827,124.132,18.1,
2008-08-01,182.453,84.723,124.427,18.18,
2008-09-01,183.521,84.576,124.671,18.2,
2008-10-01,184.355,84.581,124.952,18.25,
2008-11-01,185.174,84.664,125.287,18.31,
2008-12-01,186.019,84.827,125.691,18.39,
2009-01-01,186.701,84.93,125.995,18.39,70070.0
2009-02-01,187.437,84.917,126.229,18.44,
2009-03-01,188.148,84.874,126.433,18.5,
2009-04-01,188.819,84.878,126.659,18.52,
2009-05-01,189.686,84.988,127.03,18.53,
2009-06-01,190.473,84.941,127.256,18.56,
2009-07-01,191.217,85.035,127.574,18.59,
2009-08-01,192.189,84.932,127.819,18.67,
2009-09-01,192.955,85.105,128.204,18.7,
2009-10-01,193.606,85.119,128.431,18.74,
2009-11-01,194.22,84.846,128.429,18.8,
2009-12-01,194.871,84.9,128.686,18.84,
2010-01-01,195.483,84.972,128.956,18.88,68420.0
2010-02-01,196.383,84.849,129.136,18.91,
2010-03-01,197.307,84.868,129.439,18.92,
2010-04-01,198.173,84.84,129.686,18.96,
2010-05-01,198.726,84.738,129.776,19.01,
2010-06-01,199.553,84.622,129.939,19.03,
2010-07-01,199.953,84.682,130.112,19.04,
2010-08-01,200.388,84.735,130.289,19.11,
2010-09-01,200.734,84.749,130.408,19.11,
2010-10-01,201.011,84.602,130.376,19.21,
2010-11-01,201.811,84.506,130.548,19.21,
2010-12-01,202.657,84.019,130.42,19.23,
2011-01-01,203.667,83.833,130.584,19.33,67410.0
2011-02-01,204.37,83.708,130.702,19.31,
2011-03-01,205.011,83.588,130.805,19.3,
2011-04-01,205.63,83.49,130.918,19.36,
2011-05-01,206.372,83.382,131.063,19.41,
2011-06-01,207.055,83.298,131.207,19.41,
2011-07-01,207.691,83.178,131.308,19.48,
2011-08-01,209.231,83.13,131.748,19.47,
2011-09-01,209.853,83.109,131.925,19.49,
2011-10-01,210.781,83.146,132.243,19.56,
2011-11-01,211.474,83.13,132.446,19.56,
2011-12-01,212.133,83.124,132.645,19.57,
2012-01-01,212.752,83.384,133.062,19.59,67400.0
2012-02-01,213.259,83.352,133.185,19.58,
2012-03-01,213.85,83.269,133.289,19.64,
2012-04-01,214.401,83.29,133.469,19.67,
2012-05-01,215.142,83.48,133.849,19.68,
2012-06-01,215.626,83.439,133.957,19.71,
2012-07-01,216.654,83.076,133.954,19.75,
2012-08-01,217.29,82.683,133.811,19.74,
2012-09-01,218.236,82.647,134.06,19.79,
2012-10-01,218.952,82.704,134.319,19.79,
2012-11-01,219.583,82.684,134.489,19.85,
2012-12-01,220.263,82.688,134.693,19.91,
2013-01-01,221.376,82.873,135.177,19.94,69950.0
2013-02-01,221.963,83.053,135.501,19.99,
2013-03-01,222.541,83.051,135.67,20.01,
2013-04-01,223.125,82.538,135.411,20.04,
2013-05-01,223.647,82.536,135.563,20.04,
2013-06-01,224.034,82.414,135.575,20.13,
2013-07-01,224.812,82.344,135.745,20.14,
2013-08-01,225.362,82.39,135.946,20.17,
2013-09-01,225.749,82.559,136.203,20.23,
2013-10-01,226.44,82.572,136.418,20.25,
2013-11-01,227.234,82.484,136.578,20.31,
2013-12-01,228.015,82.525,136.844,20.34,
2014-01-01,228.073,82.653,136.997,20.39,69060.0
2014-02-01,229.103,82.381,137.034,20.51,
2014-03-01,229.723,82.334,137.161,20.5,
2014-04-01,230.373,82.379,137.381,20.52,
2014-05-01,231.05,82.338,137.529,20.53,
2014-06-01,231.667,82.298,137.661,20.6,
2014-07-01,232.213,82.389,137.893,20.61,
2014-08-01,233.008,82.342,138.069,20.66,
2014-09-01,233.417,82.184,138.038,20.66,
2014-10-01,234.146,81.483,137.606,20.7,
2014-11-01,234.8,81.095,137.437,20.77,
2014-12-01,235.402,80.831,137.364,20.71,
2015-01-01,236.63,80.73,137.608,20.8,72790.0
2015-02-01,237.012,80.536,137.538,20.84,
2015-03-01,238.117,80.317,137.644,20.91,
2015-04-01,239.052,80.228,137.82,20.92,
2015-05-01,239.665,79.9,137.692,20.98,
2015-06-01,240.232,79.835,137.789,21.0,
2015-07-01,241.058,79.82,138.002,21.03,
2015-08-01,241.563,79.928,138.237,21.11,
2015-09-01,242.52,80.129,138.681,21.09,
2015-10-01,242.936,80.275,138.926,21.19,
2015-11-01,243.567,80.425,139.235,21.21,
2015-12-01,244.004,80.329,139.268,21.23,
2016-01-01,244.548,80.347,139.445,21.31,75380.0
2016-02-01,245.046,79.974,139.213,21.33,
2016-03-01,245.554,80.026,139.392,21.39,
2016-04-01,246.213,79.914,139.452,21.46,
2016-05-01,246.761,79.565,139.255,21.47,
2016-06-01,247.276,79.369,139.197,21.52,
2016-07-01,247.732,79.21,139.16,21.58,
2016-08-01,248.242,79.2,139.28,21.6,
2016-09-01,248.753,78.584,138.817,21.62,
2016-10-01,249.496,78.192,138.63,21.71,
2016-11-01,249.94,78.265,138.813,21.72,
2016-12-01,250.769,78.182,138.944,21.76,
2017-01-01,250.948,78.212,139.017,21.82,76710.0
2017-02-01,251.469,77.823,138.776,21.84,
2017-03-01,251.829,75.25,136.392,21.88,
2017-04-01,252.052,74.801,136.017,21.94,
2017-05-01,252.306,74.598,135.886,21.97,
2017-06-01,252.982,74.357,135.826,22.02,
2017-07-01,253.351,74.121,135.692,22.07,
2017-08-01,253.49,74.002,135.614,22.1,
2017-09-01,254.117,74.007,135.777,22.18,
2017-10-01,254.756,74.187,136.113,22.18,
2017-11-01,255.516,74.335,136.449,22.23,
2017-12-01,255.747,74.36,136.532,22.3,
2018-01-01,255.949,74.362,136.594,22.36,77700.0
2018-02-01,256.37,73.983,136.314,22.41,
2018-03-01,256.384,73.856,136.19,22.49,
2018-04-01,256.694,73.791,136.198,22.55,
2018-05-01,257.475,73.988,136.585,22.6,
2018-06-01,257.971,74.127,136.844,22.66,
2018-07-01,258.713,74.174,137.07,22.7,
2018-08-01,260.256,73.991,137.258,22.78,
2018-09-01,260.682,74.113,137.483,22.86,
2018-10-01,261.265,73.878,137.387,22.89,
2018-11-01,261.912,73.048,136.708,23.0,
2018-12-01,262.456,73.026,136.817,23.11,
2019-01-01,262.961,73.112,137.024,23.13,83260.0
2019-02-01,263.7,73.06,137.151,23.19,
2019-03-01,264.656,72.913,137.233,23.29,
2019-04-01,265.068,73.012,137.432,23.33,
2019-05-01,265.497,72.977,137.5,23.4,
2019-06-01,265.817,73.03,137.631,23.48,
2019-07-01,266.052,73.222,137.88,23.53,
2019-08-01,266.608,73.283,138.075,23.61,
2019-09-01,266.71,73.209,138.026,23.68,
2019-10-01,267.264,73.207,138.157,23.75,
2019-11-01,267.748,73.599,138.669,23.83,
2019-12-01,268.092,73.566,138.719,23.84,
2020-01-01,268.738,73.8,139.118,23.91,81580.0
2020-02-01,269.433,73.753,139.231,24.03,
2020-03-01,270.177,73.701,139.348,24.13,
2020-04-01,270.715,73.839,139.617,25.14,
2020-05-01,270.999,73.792,139.634,24.98,
2020-06-01,271.123,73.658,139.523,24.78,
2020-07-01,271.783,74.976,141.049,24.69,
2020-08-01,271.251,75.264,141.226,24.8,
2020-09-01,270.498,75.175,140.96,24.82,
2020-10-01,270.905,75.25,141.132,24.84,
2020-11-01,271.289,75.341,141.316,24.95,
2020-12-01,271.916,75.335,141.454,25.17,
2021-01-01,272.157,75.368,141.544,25.17,81270.0
2021-02-01,272.605,75.375,141.655,25.26,
2021-03-01,272.286,75.237,141.438,25.35,
2021-04-01,272.935,75.615,141.982,25.51,
2021-05-01,273.804,75.72,142.293,25.68,
2021-06-01,274.27,75.752,142.433,25.81,
2021-07-01,274.905,75.809,142.641,25.96,
2021-08-01,274.985,76.064,142.924,26.11,
2021-09-01,275.702,76.341,143.379,26.3,
2021-10-01,276.491,76.407,143.631,26.46,
2021-11-01,277.076,76.313,143.668,26.56,
2021-12-01,277.431,76.319,143.756,26.76,
2022-01-01,278.023,76.299,143.87,26.91,79500.0
2022-02-01,278.435,76.236,143.89,26.98,
2022-03-01,279.133,75.886,143.658,27.12,
2022-04-01,279.783,75.579,143.462,27.28,
2022-05-01,280.645,75.372,143.421,27.4,
2022-06-01,281.685,75.333,143.603,27.53,
2022-07-01,282.08,75.021,143.346,27.66,
2022-08-01,283.476,74.904,143.519,27.74,
2022-09-01,284.166,74.83,143.588,27.85,
2022-10-01,284.832,74.78,143.677,28.0,
2022-11-01,285.771,75.526,144.698,28.12,
2022-12-01,286.736,75.481,144.857,28.23,
2023-01-01,287.456,75.755,145.332,28.31,82690.0
2023-02-01,287.691,75.763,145.388,28.43,
2023-03-01,289.029,75.776,145.666,28.59,
2023-04-01,289.783,75.672,145.691,28.69,
2023-05-01,290.183,75.458,145.519,28.78,
2023-06-01,290.553,75.096,145.166,28.89,
2023-07-01,291.208,74.91,145.078,29.02,
2023-08-01,291.58,74.759,144.973,29.06,
2023-09-01,292.254,74.737,145.079,29.16,
2023-10-01,292.409,74.653,145.011,29.27,
2023-11-01,292.648,74.293,144.635,29.38,
2023-12-01,293.626,74.236,144.761,29.48,
2024-01-01,294.535,74.613,145.37,29.61,83730.0
2024-02-01,295.537,74.949,145.957,29.67,
2024-03-01,296.084,74.908,146.024,29.8,
2024-04-01,296.956,74.998,146.306,29.85,
2024-05-01,298.1,74.784,146.302,29.97,
2024-06-01,298.669,74.592,146.203,30.07,
2024-07-01,299.479,74.583,146.362,30.17,
2024-08-01,300.596,74.432,146.423,30.27,
2024-09-01,302.636,73.994,146.352,30.38,
2024-10-01,303.363,73.655,146.12,30.49,
2024-11-01,304.794,72.994,145.67,30.58,
2024-12-01,305.264,72.886,145.646,30.67,
2025-01-01,305.821,73.179,146.084,30.8,
2025-02-01,306.335,73.408,146.445,30.91,
2025-03-01,307.679,73.504,146.84,30.97,
2025-04-01,308.117,73.243,146.647,31.05,
2025-05-01,308.991,73.182,146.768,31.14,
2025-06-01,309.566,73.204,146.916,31.26,
2025-07-01,310.695,72.963,146.893,31.34,
2025-08-01,311.259,72.88,146.923,31.46,
