date,CPIMEDSL,CPIHOSNS,CUSR0000SEMD,AHETPI,MEHOINUSA672N,medical_indexed,wage_indexed,healthcare_burden
1947-01-01,13.2,,,,,17.63330735834354,,
1947-02-01,13.3,,,,,17.766893020149173,,
1947-03-01,13.3,,,,,17.766893020149173,,
1947-04-01,13.4,,,,,17.900478681954805,,
1947-05-01,13.5,,,,,18.034064343760438,,
1947-06-01,13.5,,,,,18.034064343760438,,
1947-07-01,13.5,,,,,18.034064343760438,,
1947-08-01,13.6,,,,,18.16765000556607,,
1947-09-01,13.7,,,,,18.301235667371703,,
1947-10-01,13.8,,,,,18.43482132917734,,
1947-11-01,13.8,,,,,18.43482132917734,,
1947-12-01,13.9,,,,,18.56840699098297,,
1948-01-01,14.0,,,,,18.701992652788604,,
1948-02-01,14.0,,,,,18.701992652788604,,
1948-03-01,14.1,,,,,18.835578314594237,,
1948-04-01,14.3,,,,,19.102749638205506,,
1948-05-01,14.3,,,,,19.102749638205506,,
1948-06-01,14.4,,,,,19.236335300011138,,
1948-07-01,14.5,,,,,19.36992096181677,,
1948-08-01,14.6,,,,,19.503506623622403,,
1948-09-01,14.5,,,,,19.36992096181677,,
1948-10-01,14.6,,,,,19.503506623622403,,
1948-11-01,14.7,,,,,19.637092285428036,,
1948-12-01,14.7,,,,,19.637092285428036,,
1949-01-01,14.7,,,,,19.637092285428036,,
1949-02-01,14.8,,,,,19.77067794723367,,
1949-03-01,14.8,,,,,19.77067794723367,,
1949-04-01,14.8,,,,,19.77067794723367,,
1949-05-01,14.8,,,,,19.77067794723367,,
1949-06-01,14.8,,,,,19.77067794723367,,
1949-07-01,14.8,,,,,19.77067794723367,,
1949-08-01,14.9,,,,,19.9042636090393,,
1949-09-01,14.9,,,,,19.9042636090393,,
1949-10-01,14.9,,,,,19.9042636090393,,
1949-11-01,14.9,,,,,19.9042636090393,,
1949-12-01,14.9,,,,,19.9042636090393,,
1950-01-01,14.9,,,,,19.9042636090393,,
1950-02-01,15.0,,,,,20.03784927084493,,
1950-03-01,14.9,,,,,19.9042636090393,,
1950-04-01,15.0,,,,,20.03784927084493,,
1950-05-01,15.0,,,,,20.03784927084493,,
1950-06-01,15.0,,,,,20.03784927084493,,
1950-07-01,15.1,,,,,20.171434932650563,,
1950-08-01,15.1,,,,,20.171434932650563,,
1950-09-01,15.2,,,,,20.305020594456195,,
1950-10-01,15.3,,,,,20.43860625626183,,
1950-11-01,15.3,,,,,20.43860625626183,,
1950-12-01,15.4,,,,,20.572191918067464,,
1951-01-01,15.4,,,,,20.572191918067464,,
1951-02-01,15.5,,,,,20.705777579873097,,
1951-03-01,15.7,,,,,20.97294890348436,,
1951-04-01,15.7,,,,,20.97294890348436,,
1951-05-01,15.8,,,,,21.106534565289998,,
1951-06-01,15.8,,,,,21.106534565289998,,
1951-07-01,15.8,,,,,21.106534565289998,,
1951-08-01,15.9,,,,,21.24012022709563,,
1951-09-01,15.9,,,,,21.24012022709563,,
1951-10-01,16.0,,,,,21.373705888901263,,
1951-11-01,16.1,,,,,21.507291550706896,,
1951-12-01,16.3,,,,,21.77446287431816,,
1952-01-01,16.3,,,,,21.77446287431816,,
1952-02-01,16.4,,,,,21.908048536123793,,
1952-03-01,16.5,,,,,22.041634197929426,,
1952-04-01,16.5,,,,,22.041634197929426,,
1952-05-01,16.5,,,,,22.041634197929426,,
1952-06-01,16.8,,,,,22.442391183346324,,
1952-07-01,16.9,,,,,22.575976845151956,,
1952-08-01,16.9,,,,,22.575976845151956,,
1952-09-01,16.9,,,,,22.575976845151956,,
1952-10-01,16.9,,,,,22.575976845151956,,
1952-11-01,16.9,,,,,22.575976845151956,,
1952-12-01,17.0,,,,,22.70956250695759,,
1953-01-01,17.0,,,,,22.70956250695759,,
1953-02-01,17.0,,,,,22.70956250695759,,
1953-03-01,17.0,,,,,22.70956250695759,,
1953-04-01,17.1,,,,,22.843148168763225,,
1953-05-01,17.2,,,,,22.976733830568854,,
1953-06-01,17.3,,,,,23.11031949237449,,
1953-07-01,17.3,,,,,23.11031949237449,,
1953-08-01,17.4,,,,,23.24390515418012,,
1953-09-01,17.5,,,,,23.377490815985755,,
1953-10-01,17.5,,,,,23.377490815985755,,
1953-11-01,17.6,,,,,23.51107647779139,,
1953-12-01,17.6,,,,,23.51107647779139,,
1954-01-01,17.6,,,,,23.51107647779139,,
1954-02-01,17.7,,,,,23.64466213959702,,
1954-03-01,17.7,,,,,23.64466213959702,,
1954-04-01,17.8,,,,,23.778247801402657,,
1954-05-01,17.8,,,,,23.778247801402657,,
1954-06-01,17.8,,,,,23.778247801402657,,
1954-07-01,17.8,,,,,23.778247801402657,,
1954-08-01,17.9,,,,,23.911833463208286,,
1954-09-01,17.9,,,,,23.911833463208286,,
1954-10-01,17.9,,,,,23.911833463208286,,
1954-11-01,18.0,,,,,24.045419125013918,,
1954-12-01,18.0,,,,,24.045419125013918,,
1955-01-01,18.0,,,,,24.045419125013918,,
1955-02-01,18.1,,,,,24.179004786819554,,
1955-03-01,18.1,,,,,24.179004786819554,,
1955-04-01,18.1,,,,,24.179004786819554,,
1955-05-01,18.2,,,,,24.312590448625183,,
1955-06-01,18.2,,,,,24.312590448625183,,
1955-07-01,18.2,,,,,24.312590448625183,,
1955-08-01,18.3,,,,,24.44617611043082,,
1955-09-01,18.3,,,,,24.44617611043082,,
1955-10-01,18.4,,,,,24.57976177223645,,
1955-11-01,18.5,,,,,24.713347434042085,,
1955-12-01,18.6,,,,,24.846933095847717,,
1956-01-01,18.6,,,,,24.846933095847717,,
1956-02-01,18.7,,,,,24.98051875765335,,
1956-03-01,18.7,,,,,24.98051875765335,,
1956-04-01,18.8,,,,,25.114104419458982,,
1956-05-01,18.8,,,,,25.114104419458982,,
1956-06-01,18.8,,,,,25.114104419458982,,
1956-07-01,18.9,,,,,25.24769008126461,,
1956-08-01,19.0,,,,,25.381275743070248,,
1956-09-01,19.1,,,,,25.514861404875884,,
1956-10-01,19.1,,,,,25.514861404875884,,
1956-11-01,19.1,,,,,25.514861404875884,,
1956-12-01,19.2,,,,,25.648447066681513,,
1957-01-01,19.3,,,,,25.78203272848715,,
1957-02-01,19.3,,,,,25.78203272848715,,
1957-03-01,19.4,,,,,25.915618390292778,,
1957-04-01,19.5,,,,,26.049204052098414,,
1957-05-01,19.6,,,,,26.182789713904047,,
1957-06-01,19.7,,,,,26.316375375709676,,
1957-07-01,19.7,,,,,26.316375375709676,,
1957-08-01,19.8,,,,,26.449961037515312,,
1957-09-01,19.8,,,,,26.449961037515312,,
1957-10-01,19.9,,,,,26.58354669932094,,
1957-11-01,20.0,,,,,26.717132361126577,,
1957-12-01,20.1,,,,,26.850718022932213,,
1958-01-01,20.2,,,,,26.984303684737842,,
1958-02-01,20.2,,,,,26.984303684737842,,
1958-03-01,20.3,,,,,27.11788934654348,,
1958-04-01,20.4,,,,,27.251475008349107,,
1958-05-01,20.5,,,,,27.385060670154743,,
1958-06-01,20.6,,,,,27.51864633196038,,
1958-07-01,20.7,,,,,27.65223199376601,,
1958-08-01,20.7,,,,,27.65223199376601,,
1958-09-01,20.9,,,,,27.919403317377274,,
1958-10-01,21.0,,,,,28.052988979182906,,
1958-11-01,21.0,,,,,28.052988979182906,,
1958-12-01,21.1,,,,,28.186574640988542,,
1959-01-01,21.1,,,,,28.186574640988542,,
1959-02-01,21.2,,,,,28.32016030279417,,
1959-03-01,21.3,,,,,28.453745964599808,,
1959-04-01,21.3,,,,,28.453745964599808,,
1959-05-01,21.4,,,,,28.587331626405437,,
1959-06-01,21.5,,,,,28.720917288211073,,
1959-07-01,21.5,,,,,28.720917288211073,,
1959-08-01,21.6,,,,,28.854502950016702,,
1959-09-01,21.7,,,,,28.988088611822338,,
1959-10-01,21.7,,,,,28.988088611822338,,
1959-11-01,21.8,,,,,29.121674273627967,,
1959-12-01,21.8,,,,,29.121674273627967,,
1960-01-01,21.9,,,,,29.255259935433596,,
1960-02-01,22.0,,,,,29.388845597239232,,
1960-03-01,22.1,,,,,29.52243125904487,,
1960-04-01,22.2,,,,,29.656016920850497,,
1960-05-01,22.2,,,,,29.656016920850497,,
1960-06-01,22.2,,,,,29.656016920850497,,
1960-07-01,22.3,,,,,29.789602582656133,,
1960-08-01,22.3,,,,,29.789602582656133,,
1960-09-01,22.4,,,,,29.923188244461763,,
1960-10-01,22.4,,,,,29.923188244461763,,
1960-11-01,22.5,,,,,30.0567739062674,,
1960-12-01,22.6,,,,,30.190359568073035,,
1961-01-01,22.6,,,,,30.190359568073035,,
1961-02-01,22.7,,,,,30.323945229878664,,
1961-03-01,22.7,,,,,30.323945229878664,,
1961-04-01,22.8,,,,,30.457530891684296,,
1961-05-01,22.8,,,,,30.457530891684296,,
1961-06-01,22.9,,,,,30.59111655348993,,
1961-07-01,22.9,,,,,30.59111655348993,,
1961-08-01,23.0,,,,,30.72470221529556,,
1961-09-01,23.1,,,,,30.858287877101198,,
1961-10-01,23.1,,,,,30.858287877101198,,
1961-11-01,23.1,,,,,30.858287877101198,,
1961-12-01,23.2,,,,,30.991873538906827,,
1962-01-01,23.2,,,,,30.991873538906827,,
1962-02-01,23.3,,,,,31.125459200712463,,
1962-03-01,23.4,,,,,31.259044862518092,,
1962-04-01,23.4,,,,,31.259044862518092,,
1962-05-01,23.5,,,,,31.392630524323728,,
1962-06-01,23.5,,,,,31.392630524323728,,
1962-07-01,23.6,,,,,31.526216186129364,,
1962-08-01,23.6,,,,,31.526216186129364,,
1962-09-01,23.6,,,,,31.526216186129364,,
1962-10-01,23.7,,,,,31.659801847934993,,
1962-11-01,23.7,,,,,31.659801847934993,,
1962-12-01,23.8,,,,,31.79338750974063,,
1963-01-01,23.9,,,,,31.92697317154626,,
1963-02-01,23.9,,,,,31.92697317154626,,
1963-03-01,23.9,,,,,31.92697317154626,,
1963-04-01,23.9,,,,,31.92697317154626,,
1963-05-01,24.0,,,,,32.06055883335189,,
1963-06-01,24.1,,,,,32.19414449515753,,
1963-07-01,24.1,,,,,32.19414449515753,,
1963-08-01,24.2,,,,,32.327730156963156,,
1963-09-01,24.2,,,,,32.327730156963156,,
1963-10-01,24.2,,,,,32.327730156963156,,
1963-11-01,24.3,,,,,32.461315818768796,,
1963-12-01,24.3,,,,,32.461315818768796,,
1964-01-01,24.4,,,2.5,,32.59490148057442,36.518563603164935,0.8925570522097297
1964-02-01,24.4,,,2.5,,32.59490148057442,36.518563603164935,0.8925570522097297
1964-03-01,24.4,,,2.51,,32.59490148057442,36.664637857577596,0.8890010480176591
1964-04-01,24.5,,,2.52,,32.72848714238006,36.810712111990256,0.8891022548764955
1964-05-01,24.5,,,2.52,,32.72848714238006,36.810712111990256,0.8891022548764955
1964-06-01,24.6,,,2.53,,32.86207280418569,36.956786366402916,0.8892026616811117
1964-07-01,24.6,,,2.54,,32.86207280418569,37.10286062081558,0.8857018638004774
1964-08-01,24.7,,,2.55,,32.995658465991326,37.24893487522824,0.8858148179677084
1964-09-01,24.7,,,2.56,,32.995658465991326,37.3950091296409,0.8823546038350221
1964-10-01,24.7,,,2.55,,32.995658465991326,37.24893487522824,0.8858148179677084
1964-11-01,24.8,,,2.56,,33.12924412779696,37.3950091296409,0.8859268896805079
1964-12-01,24.8,,,2.58,,33.12924412779696,37.68715763846622,0.8790592393729071
1965-01-01,24.8,,,2.58,,33.12924412779696,37.68715763846622,0.8790592393729071
1965-02-01,24.9,,,2.59,,33.26282978960259,37.83323189287887,0.8791960962727972
1965-03-01,25.0,,,2.61,,33.396415451408224,38.1253804017042,0.8759628126862024
1965-04-01,25.0,,,2.6,,33.396415451408224,37.97930614729154,0.8793319004273031
1965-05-01,25.1,,,2.62,,33.53000111321386,38.27145465611685,0.8761099209448215
1965-06-01,25.1,,,2.63,,33.53000111321386,38.41752891052951,0.8727787045153735
1965-07-01,25.3,,,2.63,,33.79717243682512,38.41752891052951,0.8797331165035438
1965-08-01,25.3,,,2.64,,33.79717243682512,38.56360316494218,0.8764007940925453
1965-09-01,25.3,,,2.65,,33.79717243682512,38.70967741935483,0.8730936212846491
1965-10-01,25.4,,,2.66,,33.930758098630754,38.8557516737675,0.8732493038228435
1965-11-01,25.5,,,2.67,,34.06434376043639,39.00182592818015,0.8734038201997033
1965-12-01,25.5,,,2.67,,34.06434376043639,39.00182592818015,0.8734038201997033
1966-01-01,25.6,,,2.68,,34.19792942224202,39.147900182592814,0.873557183469273
1966-02-01,25.6,,,2.69,,34.19792942224202,39.293974437005474,0.8703097589954096
1966-03-01,25.8,,,2.7,,34.465100745853285,39.440048691418134,0.8738605019357554
1966-04-01,25.9,,,2.71,,34.59868640765891,39.586122945830795,0.8740104822844956
1966-05-01,26.0,,,2.72,,34.73227206946455,39.732197200243455,0.8741593598365542
1966-06-01,26.1,,,2.73,,34.86585773127018,39.87827145465611,0.8743071467105757
1966-07-01,26.3,,,2.74,,35.13302905488145,40.024345709068776,0.877791464981299
1966-08-01,26.4,,,2.75,,35.26661471668708,40.17041996348143,0.8779249693866195
1966-09-01,26.7,,,2.76,,35.66737170210398,40.31649421789409,0.8846843554733823
1966-10-01,26.9,,,2.77,,35.93454302571524,40.46256847230676,0.8880934745976256
1966-11-01,27.1,,,2.78,,36.201714349326515,40.60864272671941,0.8914780676850041
1966-12-01,27.2,,,2.78,,36.33530001113214,40.60864272671941,0.8947676546506312
1967-01-01,27.4,30.5,,2.8,,36.602471334743406,40.90079123554472,0.8949086369491582
1967-02-01,27.5,30.5,,2.81,,36.736056996549046,41.04686548995739,0.8949783755238744
1967-03-01,27.6,30.5,,2.81,,36.86964265835468,41.04686548995739,0.8982328423439612
1967-04-01,27.8,30.6,,2.82,,37.13681398196594,41.19293974437005,0.9015334718139782
1967-05-01,27.9,30.7,,2.83,,37.270399643771576,41.33901399878271,0.9015793082260999
1967-06-01,28.1,30.7,,2.85,,37.53757096738284,41.63116250760803,0.9016700160732458
1967-07-01,28.2,30.8,,2.86,,37.671156629188474,41.777236762020685,0.9017148942563619
1967-08-01,28.3,30.9,,2.88,,37.804742290994106,42.069385270846006,0.8986283504644579
1967-09-01,28.5,30.9,,2.88,,38.07191361460537,42.069385270846006,0.9049790808564329
1967-10-01,28.7,31.0,,2.89,,38.33908493821664,42.215459525258666,0.9081764208980673
1967-11-01,28.8,31.1,,2.91,,38.472670600022276,42.50760803408399,0.9050772880274428
1967-12-01,29.0,31.2,,2.92,,38.73984192363354,42.65368228849665,0.9082414423591598
1968-01-01,29.1,31.3,,2.94,,38.873427585439174,42.94583079732197,0.905173490970473
1968-02-01,29.2,31.5,,2.95,,39.00701324724481,43.09190505173463,0.9052051238025879
1968-03-01,29.4,31.5,,2.97,,39.27418457085607,43.38405356055995,0.9052677504197044
1968-04-01,29.5,31.6,,2.99,,39.4077702326617,43.67620206938527,0.9022709934819283
1968-05-01,29.6,31.7,,3.0,,39.54135589446734,43.82227632379793,0.9023117740918033
1968-06-01,29.7,31.9,,3.01,,39.67494155627296,43.96835057821058,0.9023522837341706
1968-07-01,29.9,32.1,,3.03,,39.94211287988423,44.2604990870359,0.9024325008477695
1968-08-01,30.0,32.3,,3.04,,40.07569854168986,44.40657334144856,0.9024722135964426
1968-09-01,30.2,32.4,,3.07,,40.342869865301125,44.84479610468654,0.8996109553296656
1968-10-01,30.4,32.5,,3.08,,40.61004118891239,44.990870359099205,0.9026284858412211
1968-11-01,30.6,32.7,,3.1,,40.87721251252366,45.283018867924525,0.9027051096515643
1968-12-01,30.8,32.9,,3.11,,41.14438383613493,45.429093122337186,0.9056835831024878
1969-01-01,30.9,32.9,,3.12,,41.27796949794056,45.57516737674984,0.9057118574401223
1969-02-01,31.2,33.1,,3.14,,41.67872648335746,45.86731588557517,0.9086803027090805
1969-03-01,31.4,33.4,,3.16,,41.94589780696872,46.15946439440049,0.9087171689985445
1969-04-01,31.6,33.6,,3.18,,42.213069130579996,46.4516129032258,0.9087535715610973
1969-05-01,31.8,33.8,,3.19,,42.48024045419126,46.59768715763846,0.9116383890574222
1969-06-01,31.9,33.9,,3.21,,42.613826115996886,46.88983566646378,0.9088073248777634
1969-07-01,32.1,34.1,,3.22,,42.88099743960816,47.03590992087644,0.9116650982566797
1969-08-01,32.2,34.3,,3.24,,43.01458310141379,47.32805842970176,0.9088600827626397
1969-09-01,32.5,34.5,,3.26,,43.41534008683069,47.620206938527076,0.9116999458418051
1969-10-01,32.3,34.6,,3.28,,43.14816876321942,47.9123554473524,0.900564548754694
1969-11-01,32.5,34.8,,3.3,,43.41534008683069,48.20450395617771,0.9006490374073591
1969-12-01,32.6,35.0,,3.31,,43.54892574863632,48.35057821059038,0.9006908988546007
1970-01-01,32.8,35.1,,3.31,,43.81609707224759,48.35057821059038,0.9062166098905186
1970-02-01,33.0,35.4,,3.33,,44.08326839585885,48.6427267194157,0.9062663910710222
1970-03-01,33.2,35.8,,3.36,,44.35043971947012,49.08094948265367,0.9036182100581525
1970-04-01,33.5,36.0,,3.36,,44.751196704887015,49.08094948265367,0.9117834348478345
1970-05-01,33.7,36.2,,3.37,,45.01836802849829,49.22702373706634,0.9145051764443952
1970-06-01,33.9,36.3,,3.4,,45.285539352109545,49.66524650030431,0.9118154553372059
1970-07-01,34.1,36.5,,3.41,,45.55271067572082,49.811320754716974,0.9145051764443953
1970-08-01,34.3,36.7,,3.44,,45.819881999332075,50.249543517954955,0.9118467311640336
1970-09-01,34.5,36.9,,3.45,,46.08705332294335,50.395617772367615,0.9145051764443952
1970-10-01,34.6,37.1,,3.45,,46.22063898474898,50.395617772367615,0.9171559160862631
1970-11-01,34.8,37.3,,3.47,,46.48781030836024,50.687766281192935,0.9171406380479813
1970-12-01,35.1,37.5,,3.5,,46.88856729377714,51.12598904443091,0.9171180483770935
1971-01-01,35.2,37.5,,3.53,,47.02215295558278,51.56421180766889,0.9119145102221733
1971-02-01,35.4,37.5,,3.55,,47.28932427919404,51.85636031649421,0.9119291055248335
1971-03-01,35.6,37.4,,3.56,,47.55649560280531,52.00243457090687,0.9145051764443953
1971-04-01,35.8,37.4,,3.58,,47.82366692641657,52.29458307973219,0.9145051764443952
1971-05-01,36.0,37.7,,3.61,,48.090838250027836,52.732805842970166,0.9119719211079842
1971-06-01,36.2,37.9,,3.62,,48.35800957363911,52.87888009738283,0.9145051764443952
1971-07-01,36.4,38.1,,3.63,,48.62518089725037,53.024954351795486,0.9170244744511291
1971-08-01,36.5,38.2,,3.66,,48.758766559056006,53.46317711503347,0.9120065284213232
1971-09-01,36.7,38.3,,3.67,,49.02593788266728,53.609251369446135,0.9145051764443953
1971-10-01,36.5,38.5,,3.68,,48.758766559056006,53.755325623858795,0.907049971201642
1971-11-01,36.6,38.6,,3.7,,48.89235222086164,54.047474132684115,0.9046186339963477
1971-12-01,36.7,38.7,,3.73,,49.02593788266728,54.48569689592209,0.8997946374131183
1972-01-01,36.8,38.9,,3.8,,49.1595235444729,55.508216676810704,0.885626065609309
1972-02-01,36.9,39.0,,3.82,,49.29310920627854,55.800365185636025,0.883383272533984
1972-03-01,37.0,39.1,,3.84,,49.42669486808417,56.092513694461346,0.8811638418865266
1972-04-01,37.1,39.2,,3.86,,49.5602805298898,56.38466220328666,0.8789674105203903
1972-05-01,37.2,39.3,,3.88,,49.693866191695435,56.67681071211198,0.8767936227765852
1972-06-01,37.3,39.4,,3.88,,49.82745185350107,56.67681071211198,0.8791505948808234
1972-07-01,37.3,39.5,,3.9,,49.82745185350107,56.9689592209373,0.8746421302916909
1972-08-01,37.4,39.7,,3.92,,49.9610375153067,57.261107729762614,0.8725125918117446
1972-09-01,37.4,39.8,,3.94,,49.9610375153067,57.55325623858795,0.868083593883766
1972-10-01,37.8,39.8,,3.97,,50.49538016252922,57.99147900182593,0.8707379261863508
1972-11-01,37.8,39.9,,3.99,,50.49538016252922,58.28362751065125,0.8663733250525847
1972-12-01,37.9,40.1,,4.0,,50.62896582433486,58.4297017650639,0.8664936546810644
1973-01-01,38.0,40.1,,4.03,,50.762551486140495,58.867924528301884,0.8623125733222584
1973-02-01,38.1,40.3,,4.05,,50.89613714794613,59.16007303712719,0.8603122770995423
1973-03-01,38.2,40.4,,4.06,,51.02972280975177,59.30614729153986,0.8604457571471897
1973-04-01,38.3,40.5,,4.09,,51.163308471557386,59.74437005477784,0.8563703730518418
1973-05-01,38.5,40.7,,4.1,,51.43047979516866,59.89044430919049,0.8587426656855907
1973-06-01,38.6,40.8,,4.12,,51.5640654569743,60.18259281801582,0.8567936847270305
1973-07-01,38.6,40.9,,4.15,,51.5640654569743,60.62081558125381,0.850599995439847
1973-08-01,38.7,41.2,,4.16,,51.69765111877993,60.76688983566646,0.8507536136634157
1973-09-01,38.9,41.6,,4.2,,51.96482244239119,61.351186853317095,0.8470059848496898
1973-10-01,39.6,42.1,,4.21,,52.899922075030624,61.49726110772975,0.860199643401379
1973-11-01,39.7,42.5,,4.24,,53.03350773683626,61.93548387096774,0.8562701770010023
1973-12-01,39.9,42.8,,4.25,,53.30067906044752,62.0815581253804,0.8585589774148558
1974-01-01,40.1,43.3,,4.27,,53.567850384058794,62.3737066342057,0.8588210205016454
1974-02-01,40.3,43.7,,4.29,,53.83502170767005,62.66585514303104,0.85908062029625
1974-03-01,40.7,44.1,,4.32,,54.36936435489259,63.10407790626902,0.8615824231779372
1974-04-01,41.0,44.5,,4.33,,54.77012134030949,63.25015216068167,0.865928689012014
1974-05-01,41.4,44.9,,4.4,,55.30446398753202,64.2726719415703,0.8604662341999537
1974-06-01,42.1,45.4,,4.44,,56.23956362017145,64.85696895922094,0.867132160547501
1974-07-01,42.6,45.9,,4.45,,56.907491929199615,65.00304321363359,0.875458888011938
1974-08-01,43.2,46.5,,4.49,,57.709005900033404,65.58734023128423,0.8798802588507321
1974-09-01,43.7,47.1,,4.53,,58.376934209061574,66.17163724893487,0.8822047728613702
1974-10-01,44.1,47.6,,4.56,,58.911276856284104,66.60986001217285,0.8844227693245138
1974-11-01,44.4,48.1,,4.57,,59.312033841700995,66.75593426658551,0.8884908059984932
1974-12-01,44.8,48.6,,4.6,,59.846376488923525,67.19415702982347,0.890648519667585
1975-01-01,45.3,49.0,,4.61,,60.51430479795169,67.34023128423615,0.8986352384583751
1975-02-01,45.8,49.5,,4.64,,61.18223310697986,67.77845404747413,0.9026796784731315
1975-03-01,46.3,49.7,,4.67,,61.85016141600802,68.2166768107121,0.9066721556611456
1975-04-01,46.7,50.0,,4.67,,62.38450406323056,68.2166768107121,0.9145051764443953
1975-05-01,47.0,50.2,,4.69,,62.785261048647456,68.50882531953742,0.9164550808717821
1975-06-01,47.4,50.5,,4.72,,63.319603695869986,68.9470480827754,0.9183801983784817
1975-07-01,47.8,50.7,,4.74,,63.85394634309252,69.23919659160073,0.9222225197055293
1975-08-01,48.1,50.9,,4.78,,64.25470332850942,69.82349360925136,0.9202447486814941
1975-09-01,48.5,51.3,,4.79,,64.78904597573195,69.96956786366401,0.925960356107582
1975-10-01,48.9,51.5,,4.82,,65.32338862295448,70.407790626902,0.9277863719529238
1975-11-01,48.8,52.0,,4.86,,65.18980296114884,70.99208764455265,0.918268572232232
1975-12-01,49.3,52.3,,4.87,,65.85773127017701,71.13816189896531,0.9257721806716361
1976-01-01,49.7,52.6,,4.9,,66.39207391739956,71.57638466220328,0.9275695361078867
1976-02-01,50.2,52.7,,4.93,,67.06000222642771,72.01460742544126,0.9311999971097088
1976-03-01,50.7,53.0,,4.95,,67.72793053545587,72.30675593426658,0.9366749989036532
1976-04-01,51.0,53.1,,4.98,,68.12868752087277,72.74497869750456,0.9365414457563083
1976-05-01,51.4,53.3,,5.01,,68.66303016809529,73.18320146074254,0.9382348516814751
1976-06-01,51.8,53.5,,5.03,,69.19737281531782,73.47534996956786,0.9417767025809077
1976-07-01,52.3,53.9,,5.06,,69.86530112434599,73.91357273280583,0.9452296586569539
1976-08-01,52.6,54.1,,5.11,,70.2660581097629,74.64394400486913,0.941349751095405
1976-09-01,53.0,54.4,,5.14,,70.80040075698543,75.0821667681071,0.9429722636488901
1976-10-01,53.2,54.6,,5.16,,71.06757208059669,75.37431527693244,0.9428619261015857
1976-11-01,53.9,54.8,,5.21,,72.00267171323613,76.10468654899573,0.9461003648820135
1976-12-01,54.2,55.1,,5.23,,72.40342869865303,76.39683505782105,0.9477281178448609
1977-01-01,54.6,55.5,,5.26,,72.93777134587556,76.83505782105902,0.9492772363852469
1977-02-01,54.9,55.9,,5.3,,73.33852833129245,77.41935483870967,0.9472893242791943
1977-03-01,55.5,56.2,,5.32,,74.14004230212625,77.711503347535,0.9540420543733821
1977-04-01,56.0,56.6,,5.36,,74.80797061115442,78.29580036518563,0.9554531694195174
1977-05-01,56.5,56.8,,5.4,,75.47589892018259,78.88009738283627,0.9568433790575618
1977-06-01,57.0,57.3,,5.42,,76.14382722921074,79.17224589166159,0.9617489862976112
1977-07-01,57.3,57.7,,5.46,,76.54458421462765,79.75654290931222,0.9597279598949424
1977-08-01,57.7,58.0,,5.48,,77.07892686185018,80.04869141813755,0.9629005233730219
1977-09-01,58.2,58.4,,5.51,,77.74685517087835,80.48691418137552,0.965956465863227
1977-10-01,58.4,58.6,,5.55,,78.01402649448961,81.07121119902617,0.9622901316099582
1977-11-01,58.6,58.9,,5.58,,78.28119781810088,81.50943396226414,0.9603943250831822
1977-12-01,59.0,59.2,,5.61,,78.8155404653234,81.94765672550213,0.9617790625707542
1978-01-01,59.3,59.7,52.3,5.66,,79.2162974507403,82.67802799756542,0.9581299816811419
1978-02-01,59.9,60.0,52.9,5.69,,80.0178114215741,83.1162507608034,0.9627216180846973
1978-03-01,60.2,60.6,53.4,5.73,,80.418568406991,83.70054777845405,0.9607890335419299
1978-04-01,60.7,61.1,53.9,5.79,,81.08649671601917,84.57699330493,0.9587299518164905
1978-05-01,61.1,61.6,54.6,5.82,,81.62083936324169,85.01521606816797,0.960073303792999
1978-06-01,61.5,62.2,54.9,5.86,,82.15518201046422,85.59951308581863,0.9597622585551244
1978-07-01,61.9,62.8,55.4,5.9,,82.68952465768675,86.18381010346926,0.9594554308797976
1978-08-01,62.4,63.2,55.9,5.92,,83.35745296671492,86.47595861229456,0.9639378886846329
1978-09-01,62.8,63.9,56.2,5.97,,83.89179561393745,87.20632988435787,0.9619920449029818
1978-10-01,63.3,64.5,56.7,6.02,,84.55972392296562,87.93670115642117,0.9615976356965154
1978-11-01,63.8,64.9,57.2,6.05,,85.22765223199377,88.37492391965914,0.9643872769777259
1978-12-01,64.1,65.1,57.7,6.1,,85.62840921741068,89.10529519172245,0.9609800296735366
1979-01-01,64.8,65.6,58.2,6.13,,86.56350885005011,89.54351795496042,0.9667199907601438
1979-02-01,65.2,66.4,58.6,6.18,,87.09785149727264,90.27388922702372,0.9648177589672262
1979-03-01,65.7,67.0,59.2,6.22,,87.76577980630081,90.85818624467437,0.9659644709388548
1979-04-01,66.1,67.7,59.7,6.21,,88.30012245352333,90.7121119902617,0.9734105018192354
1979-05-01,66.6,68.5,60.2,6.27,,88.9680507625515,91.58855751673765,0.9713882735438075
1979-06-01,67.1,69.4,60.8,6.32,,89.63597907157967,92.31892878880097,0.9709382490414386
1979-07-01,67.7,70.3,61.2,6.36,,90.43749304241346,92.9032258064516,0.9734591264982007
1979-08-01,68.2,71.3,61.6,6.4,,91.10542135144163,93.48752282410224,0.9745195786485588
1979-09-01,68.7,72.2,62.2,6.45,,91.77334966046979,94.21789409616554,0.9740543507244954
1979-10-01,69.2,73.2,62.8,6.46,,92.44127796949796,94.3639683505782,0.9796247400921385
1979-11-01,69.8,74.1,63.3,6.51,,93.24279194033174,95.0943396226415,0.9805293596899965
1979-12-01,70.6,75.0,64.2,6.56,,94.3114772347768,95.8247108947048,0.9842083148929008
1980-01-01,71.4,76.2,64.8,6.57,,95.38016252922189,95.97078514911746,0.9938458081907127
1980-02-01,72.3,77.1,65.7,6.63,,96.58243348547258,96.84723067559341,0.9972658258963768
1980-03-01,73.0,78.4,66.4,6.69,,97.51753311811201,97.72367620206937,0.9978905512771429
1980-04-01,73.6,79.4,67.2,6.72,,98.3190470889458,98.16189896530734,1.0016009075343377
1980-05-01,74.2,80.6,68.0,6.76,,99.1205610597796,98.74619598295799,1.0037911847954752
1980-06-01,74.7,82.1,68.8,6.82,,99.78848936880776,99.62264150943395,1.0016647607096234
1980-07-01,75.2,81.6,69.6,6.86,,100.45641767783593,100.2069385270846,1.0024896394842349
1980-08-01,75.6,81.8,70.3,6.91,,100.99076032505845,100.9373097991479,1.0005295418118128
1980-09-01,76.3,82.4,71.2,6.95,,101.9258599576979,101.52160681679854,1.0039819419094582
1980-10-01,76.9,83.5,72.2,7.02,,102.7273739285317,102.54412659768715,1.0017870095238461
1980-11-01,77.3,84.3,72.8,7.09,,103.26171657575422,103.56664637857575,0.9970557142334522
1980-12-01,77.8,85.3,73.5,7.13,,103.92964488478238,104.1509433962264,0.9978752135676571
1981-01-01,78.6,85.9,74.6,7.18,,104.99833017922744,104.88131466828969,1.0011156945477642
1981-02-01,79.2,86.5,75.2,7.23,,105.79984415006125,105.61168594035301,1.0017816040718686
1981-03-01,79.9,87.0,75.9,7.29,,106.73494378270067,106.48813146682896,1.0023177448272589
1981-04-01,80.7,87.7,76.7,7.33,,107.80362907714573,107.0724284844796,1.0068290278180447
1981-05-01,81.4,88.8,77.3,7.37,,108.73872870978518,107.65672550213023,1.0100504933863472
1981-06-01,82.3,90.0,78.3,7.41,,109.94099966603585,108.24102251978087,1.0157054793707654
1981-07-01,83.4,91.5,79.0,7.45,,111.41044194589784,108.82531953743151,1.0237547881270144
1981-08-01,84.3,92.3,80.3,7.52,,112.61271290214852,109.84783931832011,1.02517003157264
1981-09-01,85.1,93.5,81.3,7.56,,113.68139819659358,110.43213633597078,1.0294231549658468
1981-10-01,85.9,93.5,82.4,7.59,,114.75008349103865,110.87035909920874,1.0349933419838413
1981-11-01,86.8,93.7,83.6,7.63,,115.95235444728935,111.45465611685938,1.0403545126523397
1981-12-01,87.5,94.0,84.4,7.64,,116.88745407992877,111.60073037127205,1.0473717662157669
1982-01-01,88.2,94.3,85.5,7.72,,117.82255371256821,112.76932440657332,1.044810318165747
1982-02-01,88.8,94.6,86.0,7.72,,118.62406768340199,112.76932440657332,1.051917871350548
1982-03-01,89.6,94.4,87.0,7.75,,119.69275297784705,113.20754716981132,1.057285984637649
1982-04-01,90.5,95.3,88.0,7.77,,120.89502393409776,113.49969567863663,1.0651572518432146
1982-05-01,91.3,96.6,88.9,7.84,,121.96370922854283,114.52221545952523,1.064978604711394
1982-06-01,92.2,97.8,89.8,7.85,,123.16598018479353,114.6682897139379,1.074106716792016
1982-07-01,93.0,98.3,91.0,7.9,,124.23466547923859,115.3986609860012,1.076569384928212
1982-08-01,93.9,98.6,91.8,7.94,,125.43693643548927,115.98295800365186,1.0815117892711423
1982-09-01,94.7,98.4,92.6,7.94,,126.50562172993433,115.98295800365186,1.0907259472202042
1982-10-01,95.5,98.8,93.3,7.96,,127.5743070243794,116.27510651247717,1.0971764365633132
1982-11-01,96.5,98.2,94.3,7.98,,128.91016364243572,116.5672550213025,1.1058865855499262
1982-12-01,97.2,97.4,95.0,8.01,,129.84526327507518,117.00547778454047,1.109736618606682
1983-01-01,97.9,97.9,95.6,8.06,,130.7803629077146,117.73584905660377,1.1107947490559091
1983-02-01,98.8,98.1,97.2,8.09,,131.9826338639653,118.17407181984174,1.1168493378579265
1983-03-01,99.0,98.1,97.8,8.1,,132.24980518757656,118.32014607425438,1.1177285489875943
1983-04-01,99.4,98.6,98.6,8.13,,132.7841478347991,118.7583688374924,1.1181034998594452
1983-05-01,99.9,99.1,99.4,8.17,,133.45207614382727,119.34266585514301,1.1182260358236855
1983-06-01,100.4,99.5,100.2,8.19,,134.12000445285543,119.63481436396832,1.121078384798746
1983-07-01,100.8,99.9,100.8,8.22,,134.65434710007796,120.07303712720632,1.1214370046909372
1983-08-01,101.4,100.0,101.9,8.2,,135.45586107091174,119.78088861838098,1.130863718188557
1983-09-01,101.8,100.5,102.7,8.27,,135.9902037181343,120.80340839926961,1.1257149572193403
1983-10-01,102.3,100.6,103.4,8.31,,136.65813202716242,121.38770541692026,1.1257987912185514
1983-11-01,102.8,100.7,103.7,8.31,,137.32606033619058,121.38770541692026,1.131301229103295
1983-12-01,103.4,100.8,104.9,8.33,,138.12757430702442,121.67985392574559,1.1351720917689132
1984-01-01,104.0,101.4,105.6,8.38,60420.0,138.9290882778582,122.41022519780888,1.1349467583558126
1984-02-01,105.0,101.9,106.4,8.38,,140.2649448959145,122.41022519780888,1.1458597079553876
1984-03-01,105.2,102.1,106.9,8.41,,140.5321162195258,122.84844796104686,1.143947022139719
1984-04-01,105.8,102.6,107.6,8.45,,141.33363019035957,123.43274497869747,1.1450254161871836
1984-05-01,106.2,103.0,108.2,8.45,,141.86797283758213,123.43274497869747,1.1493544347739029
1984-06-01,106.7,103.5,108.9,8.48,,142.53590114661029,123.87096774193547,1.1506804519648228
1984-07-01,107.2,104.1,109.6,8.51,,143.20382945563844,124.30919050517343,1.1519971200333627
1984-08-01,107.7,104.5,110.1,8.51,,143.87175776466663,124.30919050517343,1.157370240929041
1984-09-01,108.1,105.1,110.5,8.55,,144.40610041188916,124.8934875228241,1.1562340301010423
1984-10-01,108.7,105.1,111.5,8.55,,145.20761438272297,124.8934875228241,1.1626516102866171
1984-11-01,109.3,105.0,112.3,8.57,,146.00912835355675,125.18563603164941,1.166340907647286
1984-12-01,109.8,105.1,112.9,8.61,,146.6770566625849,125.76993304930004,1.1662330821555702
1985-01-01,110.2,105.3,113.5,8.61,61570.0,147.21139930980743,125.76993304930004,1.17048165440386
1985-02-01,110.8,105.8,113.8,8.64,,148.01291328064124,126.20815581253804,1.1727682123847105
1985-03-01,111.4,106.1,114.5,8.66,,148.81442725147505,126.50030432136334,1.176395804340712
1985-04-01,112.0,106.5,115.1,8.69,,149.61594122230883,126.93852708460132,1.1786487889732138
1985-05-01,112.6,107.3,115.7,8.7,,150.41745519314262,127.08460133901399,1.1836009525015965
1985-06-01,113.3,107.9,116.4,8.74,,151.35255482578205,127.66889835666461,1.1855084266721967
1985-07-01,113.9,108.3,116.4,8.74,,152.15406879661586,127.66889835666461,1.1917864942450416
1985-08-01,114.6,108.7,116.9,8.76,,153.0891684292553,127.96104686548995,1.1963732102799964
1985-09-01,115.2,108.9,117.3,8.8,,153.8906824000891,128.5453438831406,1.1971704127999356
1985-10-01,115.8,109.1,117.6,8.79,,154.6921963709229,128.39926962872792,1.2047747375683842
1985-11-01,116.5,109.3,118.0,8.81,,155.62729600356232,128.69141813755326,1.209305937068922
1985-12-01,117.1,109.6,118.6,8.87,,156.4288099743961,129.5678636640292,1.2073117943814957
1986-01-01,118.0,109.9,119.3,8.85,63850.0,157.6310809306468,129.2757151552039,1.2193402352591933
1986-02-01,118.8,109.8,120.1,8.88,,158.69976622509185,129.71393791844187,1.2234596279458798
1986-03-01,119.7,109.9,120.8,8.89,,159.90203718134256,129.8600121728545,1.2313416155274928
1986-04-01,120.4,110.2,121.3,8.88,,160.837136813982,129.71393791844187,1.239937198692626
1986-05-01,121.2,110.4,121.9,8.9,,161.90582210842706,130.00608642726718,1.2453710942141651
1986-06-01,121.8,111.2,122.7,8.92,,162.70733607926084,130.29823493609248,1.2487301624543423
1986-07-01,122.5,111.3,123.3,8.91,,163.6424357119003,130.15216068167985,1.2573163200273674
1986-08-01,123.2,111.6,124.1,8.94,,164.5775353445397,130.5903834449178,1.2602576928182272
1986-09-01,124.0,112.0,124.7,8.94,,165.64622063898477,130.5903834449178,1.2684411843300338
1986-10-01,124.7,111.8,125.6,8.96,,166.58132027162424,130.88253195374315,1.2727544140916975
1986-11-01,125.5,111.4,126.2,9.01,,167.6500055660693,131.61290322580643,1.2738113168010168
1986-12-01,126.2,111.5,127.2,9.01,,168.5851051987087,131.61290322580643,1.2809162404803849
1987-01-01,126.7,112.0,127.5,9.02,64650.0,169.25303350773686,131.7589774802191,1.284565475116462
1987-02-01,127.2,112.4,127.9,9.05,,169.92096181676504,132.1972002434571,1.2853597618091388
1987-03-01,127.8,112.8,128.7,9.07,,170.72247578759882,132.4893487522824,1.2885750997750132
1987-04-01,128.6,113.2,129.7,9.08,,171.79116108204389,132.63542300669508,1.2952132785324801
1987-05-01,129.2,113.6,130.6,9.11,,172.59267505287767,133.07364576993302,1.2969711174162004
1987-06-01,130.0,114.3,131.5,9.11,,173.66136034732276,133.07364576993302,1.3050018983289944
1987-07-01,130.6,114.7,132.2,9.12,,174.46287431815654,133.2197200243457,1.309587456618838
1987-08-01,131.2,115.4,132.9,9.18,,175.26438828899035,134.09616555082164,1.307005219493515
1987-09-01,131.9,115.6,133.5,9.19,,176.19948792162978,134.2422398052343,1.3125487788140995
1987-10-01,132.4,115.5,134.2,9.22,,176.86741623065797,134.6804625684723,1.3132373683431446
1987-11-01,133.0,115.5,135.2,9.27,,177.66893020149175,135.4108338405356,1.3120732304973526
1987-12-01,133.5,115.6,136.1,9.28,,178.3368585105199,135.55690809494826,1.31558664930309
1988-01-01,134.4,116.2,137.2,9.29,65130.0,179.5391294667706,135.7029823493609,1.3230300938011488
1988-02-01,135.2,116.6,138.3,9.29,,180.60781476121565,135.7029823493609,1.3309052729309176
1988-03-01,135.8,117.0,139.5,9.31,,181.40932873204946,135.99513085818623,1.3339398814301704
1988-04-01,136.7,117.3,140.7,9.36,,182.61159968830015,136.7255021302495,1.3356074532045816
1988-05-01,137.6,117.7,142.3,9.41,,183.81387064455083,137.45587340231282,1.3372573037061506
1988-06-01,138.3,118.6,143.0,9.41,,184.7489702771903,137.45587340231282,1.3440602115011677
1988-07-01,139.1,119.1,144.5,9.45,,185.81765557163536,138.04017041996346,1.3461129105123322
1988-08-01,139.8,119.5,145.7,9.46,,186.7527552042748,138.18624467437616,1.3514569097983766
1988-09-01,140.5,119.9,147.2,9.51,,187.68785483691423,138.91661594643944,1.3510828316554946
1988-10-01,141.4,119.9,148.4,9.56,,188.8901257931649,139.64698721850272,1.3526258572095973
1988-11-01,142.0,119.9,149.5,9.58,,189.6916397639987,139.93913572732802,1.3555295934770788
1988-12-01,142.7,120.2,151.1,9.6,,190.62673939663813,140.23128423615336,1.3593738404022417
1989-01-01,143.8,120.7,152.5,9.65,66240.0,192.09618167650012,140.96165550821667,1.362754863965845
1989-02-01,144.9,121.1,154.2,9.68,,193.56562395636206,141.39987827145464,1.3689235544090173
1989-03-01,145.8,121.5,155.3,9.7,,194.76789491261277,141.69202678027995,1.374586131191679
1989-04-01,146.6,121.6,156.6,9.75,,195.8365802070578,142.42239805234328,1.3750406037615213
1989-05-01,147.5,122.1,158.0,9.74,,197.0388511633085,142.27632379793062,1.384902602931707
1989-06-01,148.6,122.9,159.6,9.77,,198.50829344317046,142.7145465611686,1.390946460794648
1989-07-01,149.6,123.9,161.0,9.83,,199.8441500612268,143.59099208764454,1.3917596581493543
1989-08-01,150.6,124.2,162.5,9.83,,201.18000667928314,143.59099208764454,1.4010628644204062
1989-09-01,151.8,124.3,164.5,9.87,,202.78303462095076,144.17528910529515,1.406503402069496
1989-10-01,152.8,124.4,165.9,9.92,,204.11889123900707,144.9056603773585,1.4086329733941894
1989-11-01,154.1,124.5,167.6,9.93,,205.85550484248026,145.05173463177113,1.419186784391554
1989-12-01,154.9,124.9,168.2,9.98,,206.92419013692535,145.78210590383443,1.419407332978325
1990-01-01,156.0,125.9,169.5,10.02,65440.0,208.3936324167873,146.36640292148508,1.423780514224807
1990-02-01,157.1,126.1,170.5,10.07,,209.86307469664928,147.09677419354838,1.4267007271044139
1990-03-01,158.3,126.8,172.4,10.11,,211.4661026383169,147.681071211199,1.4319106768659526
1990-04-01,159.6,126.8,173.8,10.12,,213.20271624179009,147.82714546561166,1.4422433415071687
1990-05-01,160.8,127.1,175.1,10.16,,214.8057441834577,148.4114424832623,1.4473664603568777
1990-06-01,162.0,128.3,176.6,10.2,,216.40877212512527,148.99573950091295,1.4524493978822748
1990-07-01,163.4,129.2,178.4,10.22,,218.27897139040414,149.28788800973825,1.462134499324992
1990-08-01,164.8,130.2,180.7,10.24,,220.14917065568304,149.5800365185636,1.4717817683401988
1990-09-01,165.9,130.5,182.1,10.27,,221.61861293554495,150.01825928180156,1.4772775927178692
1990-10-01,167.3,130.6,183.9,10.3,,223.48881220082384,150.45648204503956,1.485405009894634
1990-11-01,168.7,130.4,185.9,10.32,,225.35901146610263,150.74863055386487,1.4949323959900138
1990-12-01,169.8,130.5,187.3,10.34,,226.82845374596465,151.04077906269018,1.5017696224396357
1991-01-01,171.0,131.8,188.8,10.37,63530.0,228.43148168763224,151.47900182592815,1.508007571571761
1991-02-01,172.1,132.4,190.2,10.39,,229.9009239674942,151.77115033475351,1.5147867263337862
1991-03-01,173.2,132.6,191.4,10.41,,231.37036624735617,152.06329884357882,1.521539832470406
1991-04-01,174.3,132.5,192.7,10.46,,232.83980852721814,152.7936701156421,1.5238838647634618
1991-05-01,175.2,132.8,193.9,10.5,,234.04207948346877,153.37796713329274,1.5259172086957906
1991-06-01,176.4,133.4,195.3,10.51,,235.64510742513642,153.52404138770538,1.5349068803500603
1991-07-01,177.4,134.2,196.7,10.54,,236.98096404319276,153.96226415094335,1.5392145948883846
1991-08-01,178.8,134.5,198.2,10.56,,238.8511633084716,154.25441265976872,1.5484235373888053
1991-09-01,179.9,134.7,199.2,10.58,,240.32060558833356,154.54656116859402,1.555004548604411
1991-10-01,180.9,134.7,200.5,10.59,,241.65646220638988,154.6926354230067,1.5621717319999158
1991-11-01,181.9,134.7,202.2,10.61,,242.99231882444622,154.984783931832,1.5678462921322855
1991-12-01,183.1,135.0,203.9,10.64,,244.5953467661138,155.42300669507,1.5737396410429392
1992-01-01,184.3,135.7,205.6,10.64,63010.0,246.19837470778143,155.42300669507,1.5840536091983273
1992-02-01,185.6,136.1,207.3,10.66,,247.9349883112546,155.7151552038953,1.592234153359097
1992-03-01,186.8,136.6,209.1,10.68,,249.53801625292223,156.0073037127206,1.599527780522594
1992-04-01,187.9,136.5,210.4,10.72,,251.0074585327842,156.59160073037125,1.6029433083386369
1992-05-01,188.7,136.7,212.1,10.74,,252.07614382722926,156.88374923919656,1.6067702681104041
1992-06-01,189.6,137.7,213.4,10.77,,253.27841478347995,157.32197200243453,1.6099366894508575
1992-07-01,190.6,138.3,214.9,10.78,,254.61427140153626,157.4680462568472,1.6169265921178269
1992-08-01,191.5,138.6,216.1,10.81,,255.816542357787,157.9062690200852,1.6200531109075087
1992-09-01,192.4,138.4,217.6,10.83,,257.0188133140377,158.1984175289105,1.6246610890849644
1992-10-01,193.5,138.5,219.2,10.85,,258.4882555938997,158.49056603773585,1.630937803151986
1992-11-01,194.5,138.5,220.6,10.86,,259.82411221195593,158.63664029214848,1.637856876781168
1992-12-01,195.3,138.5,221.9,10.9,,260.89279750640105,159.22093730979913,1.638558357427435
1993-01-01,196.4,139.3,223.7,10.93,62700.0,262.362239786263,159.6591600730371,1.6432645622477515
1993-02-01,197.4,139.7,225.7,10.95,,263.6980964043193,159.9513085818624,1.6486148112340058
1993-03-01,198.1,140.2,226.9,10.99,,264.63319603695874,160.53560559951308,1.648439267094037
1993-04-01,199.1,140.4,229.0,10.99,,265.96905265501505,160.53560559951308,1.6567605152873437
1993-05-01,200.5,140.5,230.5,11.01,,267.8392519202939,160.82775410833838,1.6653795447511466
1993-06-01,201.3,141.5,231.9,11.03,,268.90793721473904,161.1199026171637,1.668992674689545
1993-07-01,202.2,141.9,233.1,11.05,,270.11020817098967,161.41205112598905,1.6734203319190648
1993-08-01,202.8,142.3,234.0,11.07,,270.9117221418235,161.70419963481436,1.6753536565756397
1993-09-01,203.6,142.3,235.1,11.09,,271.9804074362686,161.99634814363966,1.6789292508934075
1993-10-01,204.5,142.2,236.7,11.13,,273.1826783925193,162.5806451612903,1.6802902837635116
1993-11-01,205.1,142.0,237.8,11.15,,273.98419236335303,162.8727936701156,1.6821974142488383
1993-12-01,205.8,142.3,238.7,11.18,,274.9192919959925,163.3110164333536,1.6834093498412932
1994-01-01,206.4,142.9,239.6,11.2,63370.0,275.7208059668263,163.6031649421789,1.6853023965903857
1994-02-01,207.2,143.7,240.6,11.25,,276.7894912612713,164.33353621424223,1.6843153116380323
1994-03-01,207.9,144.1,241.6,11.25,,277.7245908939108,164.33353621424223,1.6900055660692423
1994-04-01,209.0,143.9,242.6,11.27,,279.1940331737727,164.62568472306754,1.6959324035215493
1994-05-01,209.7,144.1,243.9,11.29,,280.12913280641214,164.91783323189284,1.6985981886659849
1994-06-01,210.5,144.9,245.0,11.31,,281.19781810085726,165.2099817407182,1.702063126804113
1994-07-01,211.3,145.4,246.2,11.34,,282.26650339530227,165.64820450395615,1.7040118499356323
1994-08-01,212.2,145.9,247.3,11.36,,283.46877435155295,165.9403530127815,1.7082570285343366
1994-09-01,213.1,145.8,248.6,11.39,,284.6710453078037,166.37857577601946,1.7109837849016736
1994-10-01,214.1,145.7,249.7,11.42,,286.00690192586,166.81679853925743,1.714497007677277
1994-11-01,215.0,145.5,250.5,11.45,,287.2091728821107,167.2550213024954,1.7171931260746287
1994-12-01,215.9,145.4,251.8,11.48,,288.41144383836144,167.6932440657334,1.7198751532608445
1995-01-01,216.6,146.4,252.6,11.48,65380.0,289.3465434710008,167.6932440657334,1.7254514043367246
1995-02-01,217.4,147.0,253.6,11.52,,290.41522876544593,168.27754108338402,1.7258109840191975
1995-03-01,218.1,147.4,254.3,11.55,,291.3503283980853,168.71576384662202,1.726870813701494
1995-04-01,218.6,147.4,255.3,11.56,,292.0182567071135,168.86183810103466,1.7293324530341248
1995-05-01,219.2,147.6,256.0,11.59,,292.81977067794725,169.30006086427264,1.7295904631286576
1995-06-01,219.9,148.5,256.8,11.63,,293.75487031058674,169.8843578819233,1.7291460730878978
1995-07-01,220.6,149.2,257.8,11.67,,294.6899699432262,170.46865489957392,1.728704729422739
1995-08-01,221.6,149.6,259.3,11.69,,296.0258265612825,170.76080340839925,1.7335701206165781
1995-09-01,222.4,149.5,260.6,11.73,,297.09451185572755,171.3451004260499,1.7338955775041218
1995-10-01,223.0,149.7,261.4,11.75,,297.8960258265613,171.63724893487523,1.7356140795497879
1995-11-01,223.7,149.4,262.4,11.78,,298.83112545920073,172.07547169811318,1.7366282510238642
1995-12-01,224.3,149.7,263.2,11.81,,299.6326394300346,172.51369446135118,1.7368629219007439
1996-01-01,225.2,150.6,264.4,11.86,66340.0,300.83491038628523,173.24406573341446,1.7364803181726627
1996-02-01,225.7,151.2,265.2,11.87,,301.5028386953134,173.3901399878271,1.7388695730707668
1996-03-01,226.2,151.7,266.4,11.89,,302.17076700434154,173.68228849665246,1.7397903356747026
1996-04-01,226.8,151.8,267.1,11.96,,302.9722809751754,174.70480827754108,1.7341954349296727
1996-05-01,227.4,152.0,268.1,11.98,,303.77379494600916,174.9969567863664,1.7358804434345194
1996-06-01,228.0,152.7,269.5,12.03,,304.57530891684297,175.7273280584297,1.733226768323542
1996-07-01,228.6,153.6,270.5,12.05,,305.3768228876768,176.019476567255,1.7349035961426453
1996-08-01,229.1,154.0,271.0,12.1,,306.0447511967049,176.74984783931828,1.7315135200281897
1996-09-01,229.7,153.9,271.8,12.13,,306.8462651675387,177.18807060255628,1.731754649870384
1996-10-01,230.3,154.0,272.5,12.16,,307.6477791383725,177.62629336579425,1.731994589927173
1996-11-01,231.0,153.9,273.3,12.2,,308.58287877101196,178.2105903834449,1.7315630799889778
1996-12-01,231.2,154.0,274.2,12.24,,308.8500500946232,178.79488740109554,1.727398666617191
1997-01-01,231.8,155.1,275.0,12.29,67720.0,309.651564065457,179.52525867315882,1.7248356379154666
1997-02-01,232.2,155.8,275.3,12.31,,310.1859067126795,179.81740718198415,1.7250048900925146
1997-03-01,233.0,155.9,276.2,12.35,,311.25459200712464,180.4017041996348,1.7253417498910453
1997-04-01,233.5,155.8,277.0,12.39,,311.92252031615277,180.98600121728543,1.7234621363984364
1997-05-01,234.1,155.9,277.8,12.43,,312.7240342869866,181.57029823493608,1.7223303443735551
1997-06-01,234.4,156.9,278.3,12.46,,313.1247912724035,182.00852099817405,1.7203853399563906
1997-07-01,234.7,157.5,278.4,12.5,,313.52554825782033,182.5928180158247,1.7170749192919963
1997-08-01,235.1,157.6,278.7,12.57,,314.0598909050429,183.6153377967133,1.7104229672400741
1997-09-01,235.5,157.7,279.6,12.6,,314.59423355226545,184.05356055995128,1.7092537226401199
1997-10-01,236.1,157.7,280.4,12.66,,315.39574752309926,184.93000608642726,1.7054871418524622
1997-11-01,236.9,157.7,281.5,12.71,,316.4644328175443,185.66037735849054,1.7045340385497816
1997-12-01,237.8,157.7,283.1,12.75,,317.666703773795,186.24467437614118,1.7056418114390368
1998-01-01,238.1,158.3,282.8,12.79,70200.0,318.0674607592119,186.82897139379182,1.7024525606834284
1998-02-01,238.8,158.8,283.9,12.83,,319.0025603918513,187.41326841144246,1.7021343424389834
1998-03-01,239.4,159.2,284.5,12.87,,319.8040743626851,187.9975654290931,1.7011075310084556
1998-04-01,240.3,159.5,285.5,12.92,,321.0063453189358,188.7279367011564,1.7008946896252954
1998-05-01,241.2,159.7,286.1,12.97,,322.2086162751865,189.4583079732197,1.700683489270533
1998-06-01,241.8,160.6,286.5,12.99,,323.01013024602037,189.75045648204502,1.702289081326057
1998-07-01,242.5,161.2,288.5,13.0,,323.94522987865975,189.89653073645766,1.7059038868289682
1998-08-01,243.3,161.5,289.1,13.07,,325.0139151731048,190.9190505173463,1.702365030060607
1998-09-01,244.1,161.5,289.4,13.11,,326.08260046754987,191.50334753499695,1.7027514383682445
1998-10-01,244.8,161.4,290.5,13.14,,327.0177001001893,191.94157029823492,1.7037356711840788
1998-11-01,245.3,161.3,291.1,13.17,,327.6856284092175,192.3797930614729,1.7033266498239192
1998-12-01,245.9,161.3,292.3,13.21,,328.4871423800513,192.96409007912354,1.702322656227682
1999-01-01,246.5,161.8,293.8,13.27,71980.0,329.28865635088505,193.84053560559948,1.6987605576001765
1999-02-01,247.3,162.3,294.9,13.3,,330.3573416453301,194.2787583688375,1.7004295498849542
1999-03-01,247.9,162.8,295.8,13.34,,331.1588556161639,194.86305538648813,1.6994440272905964
1999-04-01,248.7,163.0,296.3,13.38,,332.227540910609,195.44735240413874,1.6998313705659276
1999-05-01,249.3,163.0,297.6,13.42,,333.0290548814428,196.03164942178938,1.698853505868761
1999-06-01,250.0,164.1,298.4,13.47,,333.9641545140822,196.7620206938527,1.6972998820423075
1999-07-01,250.9,164.7,299.7,13.51,,335.1664254703329,197.34631771150333,1.698366756253877
1999-08-01,251.7,165.0,300.9,13.53,,336.23511076477797,197.63846622032864,1.701263510059529
1999-09-01,252.5,165.2,302.4,13.61,,337.30379605922303,198.80706025562992,1.696638920295443
1999-10-01,253.1,165.0,303.3,13.64,,338.10531003005684,199.2452830188679,1.6969300598099446
1999-11-01,253.9,164.9,304.2,13.66,,339.1739953245019,199.53743152769323,1.6998013491891064
1999-12-01,254.9,164.8,306.6,13.7,,340.5098519425582,200.12172854534387,1.7015136458078564
2000-01-01,255.6,166.0,307.8,13.74,71790.0,341.44495157519765,200.70602556299448,1.7012192365297485
2000-02-01,256.5,167.1,309.2,13.8,,342.64722253144834,201.58247108947046,1.6997867953477346
2000-03-01,257.7,167.8,310.6,13.85,,344.2502504731159,202.31284236153377,1.701573891478127
2000-04-01,258.4,167.9,312.7,13.89,,345.18535010575533,202.89713937918438,1.7012824880722226
2000-05-01,259.2,168.1,314.2,13.94,,346.25403540020045,203.6275106512477,1.7004285633743705
2000-06-01,260.3,169.6,316.5,13.98,,347.7234776800624,204.21180766889836,1.7027589229504725
2000-07-01,261.2,170.6,318.8,14.02,,348.9257486363131,204.79610468654897,1.703771412890699
2000-08-01,262.4,170.9,320.9,14.07,,350.5287765779807,205.52647595861225,1.7055164058209618
2000-09-01,263.3,171.4,322.8,14.12,,351.73104753423144,206.25684723067556,1.7053060407776863
2000-10-01,264.1,171.7,324.0,14.17,,352.7997328286765,206.98721850273887,1.7044517791034919
2000-11-01,264.7,171.6,325.0,14.23,,353.6012467995102,207.86366402921482,1.7011210133860253
2000-12-01,265.6,171.9,325.3,14.29,,354.80351775576094,208.74010955569076,1.6997381026146354
2001-01-01,267.2,174.1,327.8,14.29,70610.0,356.94088834465106,208.74010955569076,1.7099774887749644
2001-02-01,268.3,174.7,329.7,14.36,,358.41033062451305,209.76262933657938,1.7086472064069032
2001-03-01,269.4,175.4,331.8,14.42,,359.879772904375,210.63907486305538,1.708513831720666
2001-04-01,270.4,175.4,333.3,14.44,,361.2156295224313,210.93122337188066,1.7124806074138814
2001-05-01,271.3,175.9,335.7,14.5,,362.41790047868204,211.80766889835664,1.7110707197887203
2001-06-01,272.4,177.3,337.5,14.54,,363.8873427585439,212.39196591600725,1.7132820499549744
2001-07-01,272.8,177.6,338.8,14.55,,364.42168540576654,212.53804017041995,1.7146186400964332
2001-08-01,274.3,178.0,340.9,14.6,,366.42547033285103,213.26841144248326,1.7181422595801206
2001-09-01,275.2,177.4,343.0,14.62,,367.62774128910166,213.56055995130853,1.7214215086012146
2001-10-01,276.3,176.7,345.2,14.66,,369.09718356896366,214.1448569689592,1.7235864955769877
2001-11-01,277.4,176.9,347.0,14.72,,370.5666258488256,215.02130249543518,1.7233949452831194
2001-12-01,278.2,176.9,349.1,14.74,,371.6353111432707,215.31345100426046,1.7260199463149986
2002-01-01,279.8,177.6,352.5,14.76,70040.0,373.77268173216083,215.6055995130858,1.7335945011459473
2002-02-01,280.4,178.5,354.9,14.78,,374.5741957029946,215.89774802191107,1.7349611060555377
2002-03-01,281.4,179.1,358.1,14.83,,375.9100523210509,216.62811929397444,1.7352781972451299
2002-04-01,282.7,179.5,362.0,14.84,,377.64666592452414,216.77419354838707,1.7421200362589657
2002-05-01,283.9,179.7,364.8,14.88,,379.24969386619176,217.35849056603774,1.7448119596274447
2002-06-01,284.6,180.7,366.1,14.93,,380.1847934988312,218.088861838101,1.7432563510788674
2002-07-01,286.4,181.2,368.4,14.97,,382.58933541133257,218.67315885575164,1.7495944057025705
2002-08-01,287.2,181.7,371.4,15.02,,383.65802070577763,219.40353012781495,1.7486410564236372
2002-09-01,288.1,181.5,374.1,15.05,,384.8602916620284,219.84175289105292,1.7506241949078425
2002-10-01,289.8,181.4,377.5,15.12,,387.1312479127241,220.86427267194156,1.752801588185091
2002-11-01,291.2,181.2,380.6,15.15,,389.00144717800293,221.30249543517954,1.7577815668686987
2002-12-01,292.1,181.1,383.2,15.2,,390.2037181342537,222.03286670724282,1.757414223943473
2003-01-01,292.7,182.3,384.9,15.22,70080.0,391.0052321050875,222.32501521606815,1.758710020665404
2003-02-01,293.0,183.2,386.3,15.28,,391.40598909050436,223.2014607425441,1.7535995857212554
2003-03-01,293.4,184.3,387.0,15.27,,391.94033173772686,223.05538648813146,1.7571435413803898
2003-04-01,294.0,184.1,388.1,15.28,,392.7418457085607,223.2014607425441,1.7595845672424881
2003-05-01,295.2,184.5,389.2,15.33,,394.3448736502283,223.9318320146074,1.7610040971062326
2003-06-01,296.1,185.3,392.6,15.36,,395.54714460647904,224.37005477784538,1.7629230647473013
2003-07-01,297.4,185.9,395.5,15.4,,397.28375820995217,224.95435179549602,1.7660638926919683
2003-08-01,298.3,186.1,398.7,15.42,,398.4860291662029,225.24650030432133,1.7691108568959995
2003-09-01,299.8,185.8,400.9,15.42,,400.4898140932874,225.24650030432133,1.778006821647404
2003-10-01,300.4,185.7,401.8,15.42,,401.29132806412116,225.24650030432133,1.7815652075479658
2003-11-01,301.4,185.1,405.2,15.46,,402.6271846821775,225.83079732197197,1.7828710231587368
2003-12-01,303.0,185.1,407.7,15.47,,404.76455527106765,225.97687157638467,1.791176913139313
2004-01-01,303.8,186.3,408.6,15.51,69970.0,405.8332405655127,226.56116859403528,1.791274484873032
2004-02-01,305.2,187.0,410.2,15.53,,407.7034398307916,226.85331710286061,1.7972117182925267
2004-03-01,306.5,187.9,411.7,15.56,,409.44005343426477,227.2915398660986,1.8013871245514594
2004-04-01,307.8,188.4,412.9,15.59,,411.17666703773807,227.72976262933656,1.8055464612545533
2004-05-01,308.6,188.9,414.8,15.63,,412.24535233218313,228.3140596469872,1.805606509601666
2004-06-01,309.8,190.3,417.8,15.67,,413.8483802738507,228.89835666463782,1.8080006615346118
2004-07-01,310.8,190.9,420.0,15.69,,415.18423689190706,229.19050517346315,1.8115245942569667
2004-08-01,311.8,191.2,420.0,15.73,,416.5200935099634,229.77480219111382,1.8127318119222022
2004-09-01,312.9,191.0,422.0,15.78,,417.98953578982525,230.50517346317707,1.8133629259154072
2004-10-01,314.0,191.0,424.1,15.81,,419.4589780696873,230.94339622641508,1.8162847906612278
2004-11-01,314.7,190.8,424.5,15.84,,420.3940777023266,231.38161898965305,1.8168862312313834
2004-12-01,315.8,190.7,428.8,15.86,,421.8635199821887,231.67376749847836,1.820937797737327
2005-01-01,316.9,191.8,429.9,15.9,71060.0,423.33296226205056,232.258064516129,1.8226835875171623
2005-02-01,318.4,192.7,432.0,15.93,,425.33674718913505,232.69628727936697,1.8278621982416536
2005-03-01,319.7,194.1,434.8,15.97,,427.07336079260836,233.28058429701764,1.8307282711914412
2005-04-01,320.7,194.4,436.2,16.01,,428.40921741066467,233.86488131466828,1.8318663965378983
2005-05-01,321.8,194.5,437.4,16.03,,429.87865969052666,234.1570298234936,1.835856305550882
2005-06-01,322.8,195.5,438.8,16.08,,431.2145163085829,234.88740109555684,1.8358350183846444
2005-07-01,324.1,196.6,441.5,16.15,,432.9511299120562,235.90992087644545,1.8352391807159665
2005-08-01,324.2,196.9,441.1,16.17,,433.0847155738618,236.20206938527085,1.833534806451904
2005-09-01,325.3,197.0,441.9,16.19,,434.5541578537238,236.49421789409618,1.837483223578516
2005-10-01,326.9,198.4,445.4,16.28,,436.69152844261384,237.80888618381007,1.8363129126515525
2005-11-01,328.7,198.5,449.2,16.3,,439.09607035511533,238.1010346926354,1.8441585981427775
2005-12-01,329.2,198.3,451.0,16.36,,439.7639986641434,238.97748021911136,1.8401901227719735
2006-01-01,329.6,200.0,452.6,16.42,71850.0,440.2983413113661,239.85392574558736,1.8356937037519652
2006-02-01,331.2,200.5,457.1,16.48,,442.43571190025614,240.73037127206328,1.8378890439222313
2006-03-01,332.6,201.3,460.1,16.54,,444.30591116553495,241.60681679853923,1.8389626462237354
2006-04-01,333.8,201.7,462.8,16.63,,445.90893910720257,242.92148508825315,1.8356093078601272
2006-05-01,335.0,202.2,465.6,16.66,,447.51196704887013,243.35970785149118,1.8388909610376492
2006-06-01,336.0,203.7,468.3,16.72,,448.8478236669265,244.23615337796707,1.8377615985963927
2006-07-01,336.9,204.7,469.9,16.78,,450.0500946231772,245.1125989044431,1.83609531551917
2006-08-01,338.1,205.1,472.9,16.82,,451.6531225648448,245.69689592209372,1.8382532708433414
2006-09-01,339.1,205.0,474.4,16.87,,452.9889791829011,246.42726719415703,1.8382258763028714
2006-10-01,340.0,204.4,476.0,16.93,,454.19125013915186,247.30371272063297,1.8365727111110124
2006-11-01,340.8,204.5,478.2,16.98,,455.2599354335969,248.03408399269625,1.8354732869979384
2006-12-01,341.2,204.8,479.8,17.05,,455.79427808081937,249.0566037735849,1.830083086233593
2007-01-01,343.579,206.057,481.4,17.09,73010.0,458.97228097517547,249.6409007912355,1.8385299825487942
2007-02-01,345.35,207.177,484.146,17.16,,461.33808304575325,250.66342057212415,1.8404683140155706
2007-03-01,345.899,208.08,486.613,17.22,,462.0714683290661,251.53986609860007,1.8369711151390238
2007-04-01,347.32,208.541,489.844,17.27,,463.9697205833241,252.27023737066338,1.839177405226794
2007-05-01,348.491,208.902,493.25,17.34,,465.5340086830681,253.29275715155202,1.8379286242461577
2007-06-01,349.513,210.649,495.795,17.41,,466.8992541467216,254.31527693244064,1.835907224207983
2007-07-01,351.719,211.286,500.259,17.46,,469.8461538461539,255.04564820450395,1.8422041589567366
2007-08-01,353.376,211.098,503.134,17.5,,472.0596682622732,255.62994522215456,1.846652464178369
2007-09-01,354.531,210.865,506.835,17.55,,473.60258265612833,256.36031649421784,1.8474098843875095
2007-10-01,356.343,210.701,511.89,17.58,,476.0231548480464,256.79853925745584,1.8536832655843294
2007-11-01,357.75,210.745,515.793,17.63,,477.90270510965166,257.5289105295191,1.8557244859499855
2007-12-01,358.908,210.933,518.567,17.68,,479.44962707336094,258.25928180158246,1.8564661983444855
2008-01-01,360.463,212.244,522.7,17.74,70520.0,481.5268841144385,259.1357273280584,1.858203378898963
2008-02-01,360.75,213.026,523.864,17.8,,481.91027496382065,260.01217285453436,1.8534142831590763
2008-03-01,361.533,214.389,525.453,17.88,,482.9562506957588,261.1807668898356,1.849126397961251
2008-04-01,362.072,214.89,527.597,17.92,,483.6762774128911,261.7650639074863,1.8477495437811107
2008-05-01,362.658,215.809,529.919,17.98,,484.45908939107215,262.64150943396226,1.8445640616183063
2008-06-01,363.671,217.941,532.439,18.04,,485.81231214516316,263.5179549604382,1.8435643681968383
2008-07-01,364.156,219.61,534.562,18.1,,486.4602026049205,264.3944004869142,1.839903574769531
2008-08-01,364.977,219.148,537.7,18.18,,487.5569408883447,265.56299452221543,1.8359370505123542
2008-09-01,365.841,218.184,540.409,18.2,,488.71112100634537,265.85514303104077,1.8382609244812853
2008-10-01,366.53,217.383,542.784,18.25,,489.63152621618616,266.58551430310405,1.8366771634091186
2008-11-01,367.459,216.467,543.704,18.31,,490.8725370143605,267.46195982958,1.8352985124581158
2008-12-01,368.748,216.073,546.583,18.39,,492.59445619503515,268.6305538648813,1.8337246046955837
2009-01-01,369.824,216.928,550.835,18.39,70070.0,494.03183791606375,268.6305538648813,1.8390753799530832
2009-02-01,370.853,217.18,553.905,18.44,,495.40643437604376,269.3609251369446,1.8391919099779463
2009-03-01,371.705,217.374,557.546,18.5,,496.5445842146277,270.23737066342056,1.8374386303257508
2009-04-01,373.077,217.126,562.598,18.52,,498.377379494601,270.52951917224584,1.8422291993107216
2009-05-01,374.359,216.971,563.442,18.53,,500.0899476789492,270.6755934266585,1.8475620256262675
2009-06-01,375.177,218.071,565.212,18.56,,501.18267839251934,271.1138161898965,1.8486061884853389
2009-07-01,376.001,218.085,569.44,18.59,,502.2834242457977,271.55203895313446,1.8496764973010709
2009-08-01,377.091,217.827,572.39,18.67,,503.7395079594791,272.7206329884358,1.847089831229745
2009-09-01,378.359,217.178,575.26,18.7,,505.4333741511745,273.15885575167374,1.8503276152637695
2009-10-01,379.291,216.612,577.182,18.74,,506.67839251920304,273.74315276932435,1.8509262693637736
2009-11-01,380.45,215.808,582.222,18.8,,508.2266503395303,274.61959829580036,1.8506568849907985
2009-12-01,381.111,215.523,584.832,18.84,,509.1096515640655,275.20389531345097,1.849936211782908
2010-01-01,382.742,215.925,587.969,18.88,68420.0,511.2884337081154,275.7881923311016,1.853917056370131
2010-02-01,384.308,215.841,593.682,18.91,,513.3803851719916,276.2264150943396,1.8585492086144508
2010-03-01,385.712,216.023,599.818,18.92,,515.2559278637427,276.3724893487523,1.8643531745069795
2010-04-01,386.589,215.798,601.942,18.96,,516.4274741177782,276.9567863664029,1.8646500087366156
2010-05-01,387.094,215.981,604.181,19.01,,517.1020817098965,277.6871576384662,1.8621749961628968
2010-06-01,388.188,216.778,607.047,19.03,,518.5635088500502,277.97930614729154,1.8654752256100728
2010-07-01,388.123,217.076,605.352,19.04,,518.4766781698765,278.12538040170415,1.8641832594386978
2010-08-01,389.059,216.976,608.594,19.11,,519.7270399643772,279.14790018259276,1.8618339583583463
2010-09-01,391.288,216.602,617.542,19.11,,522.7046643660249,279.14790018259276,1.8725007926769994
2010-10-01,391.926,216.1,621.176,19.21,,523.5569408883447,280.60864272671944,1.8657905038164806
2010-11-01,392.535,215.83,620.644,19.21,,524.3704775687411,280.60864272671944,1.8686896899302479
2010-12-01,393.514,216.142,624.23,19.23,,525.6782811978181,280.9007912355447,1.8714019240943303
2011-01-01,394.072,216.739,625.928,19.33,67410.0,526.4236891906936,282.3615337796713,1.8643604960775775
2011-02-01,395.518,217.259,628.558,19.31,,528.355337860403,282.069385270846,1.873139608373559
2011-03-01,396.29,217.707,630.08,19.3,,529.3866191695427,281.92331101643333,1.8777681677365257
2011-04-01,397.701,217.901,633.979,19.36,,531.2715128576201,282.7997565429093,1.8786137560801264
2011-05-01,398.721,218.484,638.038,19.41,,532.6340866080375,283.53012781497256,1.8785802084342387
2011-06-01,399.416,219.553,640.023,19.41,,533.5625069575866,283.53012781497256,1.8818547117708118
2011-07-01,400.539,220.23,642.595,19.48,,535.0626739396639,284.55264759586123,1.880364419239536
2011-08-01,401.387,220.506,646.535,19.47,,536.1954803517757,284.4065733414485,1.8853132473419956
2011-09-01,402.202,220.54,647.641,19.49,,537.2842034954916,284.69872185027384,1.8872027243524305
2011-10-01,404.068,220.138,651.864,19.56,,539.7769119447846,285.72124163116246,1.8891731985456741
2011-11-01,405.751,219.969,655.723,19.56,,542.0251586329734,285.72124163116246,1.8970418703859397
2011-12-01,407.23,220.193,657.349,19.57,,544.0008905710788,285.8673158855751,1.902983868183194
2012-01-01,408.394,220.805,659.475,19.59,67400.0,545.5558276744964,286.15946439440046,1.9064748699787257
2012-02-01,408.89,221.117,659.495,19.58,,546.2184125570523,286.0133901399878,1.9097651766922816
2012-03-01,410.257,221.487,660.699,19.64,,548.0445285539354,286.88983566646374,1.910296080308291
2012-04-01,411.475,221.682,664.458,19.67,,549.671601914728,287.3280584297018,1.913045335421746
2012-05-01,412.864,221.971,667.993,19.68,,551.5271067572081,287.47413268411435,1.9185277701602583
2012-06-01,415.289,223.051,674.189,19.71,,554.7665590559947,287.9123554473524,1.9268591589062218
2012-07-01,417.004,223.316,677.217,19.75,,557.0575531559614,288.496652465003,1.9308978055595878
2012-08-01,417.555,223.699,674.938,19.74,,557.7936101525104,288.3505782105903,1.934428616769197
2012-09-01,418.453,223.901,677.529,19.79,,558.9932093955249,289.08094948265364,1.9336909277346461
2012-10-01,419.07,223.708,678.981,19.79,,559.8174329288657,289.08094948265364,1.9365421136561534
2012-11-01,419.509,223.814,683.221,19.85,,560.4038739841925,289.95739500912964,1.9327110935265077
2012-12-01,420.321,224.032,687.128,19.91,,561.4885895580542,290.83384053560553,1.9306164252550713
2013-01-01,421.114,224.79,688.415,19.94,69950.0,562.5479238561728,291.2720632988436,1.9313487104975173
2013-02-01,421.601,225.382,692.496,19.99,,563.1984860291662,292.0024345709068,1.928745857399367
2013-03-01,423.089,225.643,695.528,20.01,,565.1862406768341,292.2945830797322,1.9336185936865702
2013-04-01,423.025,225.986,691.69,20.04,,565.1007458532785,292.73280584297015,1.9304318975318875
2013-05-01,422.316,226.896,692.422,20.04,,564.1536235110766,292.73280584297015,1.9271964475812935
2013-06-01,424.286,228.068,696.553,20.13,,566.7852610486475,294.0474741326841,1.927529772940321
2013-07-01,425.008,228.374,699.12,20.14,,567.7497495268842,294.19354838709677,1.92985112229533
2013-08-01,427.168,228.564,710.158,20.17,,570.635199821886,294.63177115033477,1.9367741557332643
2013-09-01,428.29,228.808,713.099,20.23,,572.1340309473451,295.50821667681066,1.9361019378120121
2013-10-01,428.586,228.362,711.827,20.25,,572.5294445062898,295.800365185636,1.9355264965510992
2013-11-01,428.485,228.449,711.32,20.31,,572.394522987866,296.67681071211194,1.9293537692209586
2013-12-01,428.622,228.892,713.838,20.34,,572.5775353445398,297.11503347534995,1.9271240793409516
2014-01-01,429.989,230.256,718.371,20.39,69060.0,574.4036513414228,297.8454047474132,1.9285295061998484
2014-02-01,431.137,230.905,723.172,20.51,,575.9372147389515,299.5982958003652,1.9223647891599573
2014-03-01,432.211,231.968,728.539,20.5,,577.371924746744,299.45222154595245,1.9280936430058955
2014-04-01,433.26,231.689,730.285,20.52,,578.7732383390851,299.7443700547778,1.9308894383347892
2014-05-01,434.262,232.744,732.384,20.53,,580.1117666703774,299.8904443091905,1.9344123084904814
2014-06-01,435.187,233.894,733.709,20.6,,581.3474340420796,300.91296409007913,1.9319454573849855
2014-07-01,435.864,234.475,735.61,20.61,,582.2518089725037,301.05903834449174,1.9340120534971368
2014-08-01,436.041,234.571,735.917,20.66,,582.4882555938997,301.7894096165551,1.9301149643852396
2014-09-01,437.091,234.675,738.398,20.66,,583.8909050428589,301.7894096165551,1.9347627399673628
2014-10-01,437.758,234.434,740.273,20.7,,584.7819214071023,302.3737066342057,1.9339708069079493
2014-11-01,439.408,234.315,742.729,20.77,,586.9860848268954,303.3962264150943,1.9347178169045685
2014-12-01,441.464,234.658,747.15,20.71,,589.7326060336192,302.51978088861836,1.9494018020948745
2015-01-01,441.351,235.485,747.897,20.8,72790.0,589.5816542357788,303.8344491783323,1.9404700679274534
2015-02-01,441.101,236.016,746.511,20.84,,589.2476900812648,304.4187461959829,1.9356485020863685
2015-03-01,442.943,236.435,751.278,20.91,,591.7083379717244,305.44126597687153,1.937224612002916
2015-04-01,445.822,236.777,761.442,20.92,,595.5542691751086,305.5873402312842,1.9488839711892598
2015-05-01,446.743,237.175,765.353,20.98,,596.7845931203385,306.46378575776015,1.9473250049585247
2015-06-01,446.33,238.568,759.742,21.0,,596.2328843370813,306.7559342665855,1.9436718828686996
2015-07-01,446.953,239.085,759.823,21.03,,597.0651230101304,307.1941570298235,1.9436083315613493
2015-08-01,446.612,239.298,760.648,21.11,,596.6095959033731,308.3627510651247,1.9347654470022941
2015-09-01,447.648,239.651,762.048,21.09,,597.9935433596795,308.07060255629943,1.9410925235892869
2015-10-01,450.681,239.395,775.62,21.19,,602.0451964822443,309.531345100426,1.945021743393754
2015-11-01,452.225,239.325,775.227,21.21,,604.1077591005234,309.82349360925133,1.949844900601446
2015-12-01,452.732,239.514,776.436,21.23,,604.7850384058779,310.11564211807666,1.9501919808856523
2016-01-01,454.194,240.424,780.152,21.31,75380.0,606.7380607814762,311.2842361533779,1.9491448339276662
2016-02-01,456.922,241.015,783.972,21.33,,610.3822776355339,311.5763846622032,1.9590132875355182
2016-03-01,457.723,241.485,783.951,21.39,,611.452298786597,312.45283018867923,1.9569427437010654
2016-04-01,459.245,241.79,785.268,21.46,,613.4854725592787,313.47534996956784,1.957045339031716
2016-05-01,460.487,242.811,789.789,21.47,,615.1446064789047,313.62142422398045,1.9614240576867736
2016-06-01,462.09,244.28,790.762,21.52,,617.285984637649,314.3517954960438,1.9636788893270938
2016-07-01,464.439,244.936,793.904,21.58,,620.4239118334633,315.22824102251974,1.9681736313376204
2016-08-01,469.02,245.472,804.742,21.6,,626.5434710007793,315.5203895313451,1.9857463789627323
2016-09-01,469.816,246.127,805.184,21.62,,627.6068128687522,315.8125380401704,1.987276429123034
2016-10-01,469.749,246.264,806.78,21.71,,627.5173104753425,317.1272063298843,1.978755836617127
2016-11-01,469.914,246.271,807.186,21.72,,627.7377268173217,317.27328058429697,1.9785395280096296
2016-12-01,470.539,246.795,809.827,21.76,,628.5726372036069,317.85757760194764,1.9775291875871748
2017-01-01,471.484,247.942,810.692,21.82,76710.0,629.8350217076702,318.7340231284236,1.9760520559610872
2017-02-01,473.139,248.693,816.569,21.84,,632.0458644105533,319.02617163724886,1.9811724573155896
2017-03-01,473.685,248.978,819.59,21.88,,632.7752421240122,319.6104686548995,1.9798326531264325
2017-04-01,473.007,249.514,825.772,21.94,,631.86953133697,320.48691418137554,1.9715922971487423
2017-05-01,472.981,250.376,826.891,21.97,,631.8347990649005,320.9251369446135,1.9687918655432248
2017-06-01,474.492,251.629,832.82,22.02,,633.8532784147836,321.65550821667676,1.9705966856560129
2017-07-01,476.279,251.87,835.838,22.07,,636.2404541912503,322.38587948874004,1.9735369774887184
2017-08-01,477.199,252.615,837.282,22.1,,637.469442279862,322.8241022519781,1.974664957891805
2017-09-01,477.19,252.984,839.67,22.18,,637.4574195702996,323.99269628727933,1.967505523658706
2017-10-01,477.671,253.125,842.773,22.18,,638.0999666035846,323.99269628727933,1.9694887382207875
2017-11-01,477.791,253.177,844.568,22.23,,638.2602693977514,324.7230675593426,1.9655525990037968
2017-12-01,478.891,253.845,847.805,22.3,,639.7297116776134,325.7455873402312,1.9638937150342284
2018-01-01,480.797,254.857,857.19,22.36,77700.0,642.2758543916289,326.6220328667072,1.966419254556959
2018-02-01,481.6,255.713,860.348,22.41,,643.348547255928,327.3524041387705,1.9653087593735865
2018-03-01,483.078,256.388,862.929,22.49,,645.3229433374152,328.5209981740718,1.9643278418248356
2018-04-01,483.577,256.969,864.05,22.55,,645.9895357898254,329.39744370054774,1.9611249211062143
2018-05-01,484.543,257.907,865.068,22.6,,647.2799732828678,330.1278149726111,1.9606950518137016
2018-06-01,486.209,258.71,869.235,22.66,,649.5055104085495,331.004260499087,1.9622270403082651
2018-07-01,485.246,259.268,870.943,22.7,,648.2190804853614,331.58855751673764,1.9548897746649208
2018-08-01,484.273,259.884,868.611,22.78,,646.9192919959926,332.7571515520389,1.9441183727491511
2018-09-01,485.039,259.941,868.531,22.86,,647.9425581654236,333.9257455873402,1.9403791613185168
2018-10-01,485.652,260.268,869.306,22.89,,648.7614382722923,334.3639683505782,1.940285137398748
2018-11-01,487.615,260.473,872.702,23.0,,651.3837248135368,335.97078514911743,1.9388106157040599
2018-12-01,488.82,261.36,874.395,23.11,,652.9934320382947,337.57760194765666,1.9343505856752459
2019-01-01,489.968,262.284,878.079,23.13,83260.0,654.5269954358233,337.869750456482,1.9372169143627647
2019-02-01,490.16,263.057,878.572,23.19,,654.7834799064902,338.746195982958,1.9329618684173557
2019-03-01,491.412,263.886,879.731,23.29,,656.4559723922966,340.20693852708456,1.9295784360965784
2019-04-01,492.97,264.452,876.495,23.33,,658.5372370032285,340.7912355447352,1.9323772688889567
2019-05-01,494.859,265.137,878.419,23.4,,661.0606701547368,341.8137553256238,1.9339791329491325
2019-06-01,495.745,266.461,876.501,23.48,,662.2442391183347,342.9823493609251,1.9308405821823962
2019-07-01,497.714,267.101,880.055,23.53,,664.8745407992876,343.7127206329884,1.9343902651459655
2019-08-01,500.662,267.263,887.607,23.61,,668.8126461093177,344.8813146682897,1.9392545135493595
2019-09-01,501.71,267.822,887.196,23.68,,670.2126238450408,345.90383444917825,1.937569223285125
2019-10-01,506.433,267.794,898.649,23.75,,676.5218746521208,346.9263542300669,1.9500446316726923
2019-11-01,508.315,267.925,900.61,23.83,,679.0359568073028,348.0949482653682,1.9507205151671538
2019-12-01,510.875,268.236,900.011,23.84,,682.4557497495271,348.24102251978087,1.9597224497316712
2020-01-01,511.854,269.468,910.413,23.91,81580.0,683.7635533786042,349.2635423006694,1.9577295382006257
2020-02-01,512.967,270.281,914.38,24.03,,685.2503617945008,351.0164333536214,1.9521888341454519
2020-03-01,514.743,270.273,916.649,24.13,,687.622843148169,352.477175897748,1.9508294158247714
2020-04-01,516.77,270.184,919.94,25.14,,690.330624512969,367.2306755934266,1.8798283215241454
2020-05-01,519.152,270.823,919.075,24.98,,693.5126349771793,364.89348752282405,1.9005892368353112
2020-06-01,520.867,271.831,920.358,24.78,,695.8036290771458,361.97200243457087,1.92225814261123
2020-07-01,522.675,272.445,921.834,24.69,,698.2188578425915,360.6573341448569,1.9359618999516979
2020-08-01,522.922,272.866,922.205,24.8,,698.5488144272517,362.2641509433962,1.9282857898252261
2020-09-01,522.947,273.116,926.748,24.82,,698.582210842703,362.55629945222154,1.9268240874539369
2020-10-01,520.943,273.014,925.515,24.84,,695.9051541801182,362.8484479610468,1.9178948072965887
2020-11-01,520.567,273.29,927.819,24.95,,695.4028720917289,364.45526475958604,1.9080609867179539
2020-12-01,519.866,273.684,928.006,25.17,,694.4664366024714,367.6688983566646,1.8888365040025503
2021-01-01,521.774,274.336,936.837,25.17,81270.0,697.0152510297229,367.6688983566646,1.8957688674378141
2021-02-01,523.455,275.137,939.095,25.26,,699.2608260046757,368.98356664637856,1.8951001866021413
2021-03-01,523.943,276.028,944.047,25.35,,699.9127240342871,370.2982349360925,1.8901324878177739
2021-04-01,524.39,277.258,945.329,25.51,,700.5098519425583,372.6354230066951,1.8798799273840703
2021-05-01,523.935,278.648,944.68,25.68,,699.9020371813426,375.11868533171025,1.8658149128520023
2021-06-01,523.117,280.366,945.145,25.81,,698.8093064677726,377.0176506390748,1.853518808159871
2021-07-01,524.376,281.604,949.676,25.96,,700.4911499499054,379.2087644552647,1.8472440924622733
2021-08-01,524.785,282.391,955.94,26.11,,701.0375153066905,381.3998782714546,1.838064339411612
2021-09-01,525.098,283.744,957.583,26.3,,701.455638428142,384.1752891052951,1.8258739130821255
2021-10-01,527.688,285.31,963.08,26.46,,704.915507068908,386.5124771758977,1.823784609023394
2021-11-01,529.529,286.308,960.327,26.56,,707.3748191027498,387.9732197200243,1.8232568206981332
2021-12-01,531.041,287.511,958.317,26.76,,709.3946343092509,390.8947048082775,1.8147972473998808
2022-01-01,534.649,289.889,970.276,26.91,79500.0,714.2144049871981,393.08581862446744,1.816942690749979
2022-02-01,536.283,291.504,971.164,26.98,,716.3971947011023,394.10833840535605,1.8177671591517035
2022-03-01,538.973,293.577,976.121,27.12,,719.9906490036736,396.1533779671333,1.817454271621552
2022-04-01,541.35,295.259,979.305,27.28,,723.1659801847937,398.4905660377358,1.8147631131531285
2022-05-01,543.521,297.868,980.975,27.4,,726.0661249025939,400.24345709068774,1.814061197103044
2022-06-01,546.84,300.927,982.189,27.53,,730.4998330179229,402.14242239805236,1.8165201986445807
2022-07-01,549.967,302.327,987.935,27.66,,734.677056662585,404.04138770541687,1.81832128840779
2022-08-01,553.036,304.506,994.696,27.74,,738.7768006233998,405.2099817407181,1.8231949702959718
2022-09-01,556.558,306.521,995.304,27.85,,743.4816876321943,406.81679853925743,1.8275589658583113
2022-10-01,554.071,307.816,995.687,28.0,,740.1594122230882,409.0079123554473,1.8096457057775805
2022-11-01,551.402,308.72,990.704,28.12,,736.5940109094959,410.7608034083992,1.7932431838612817
2022-12-01,551.943,310.725,1002.086,28.23,,737.3167093398644,412.3676202069385,1.7880082557642538
2023-01-01,550.887,313.747,1008.954,28.31,82690.0,735.9060447511968,413.53621424223974,1.779544377025516
2023-02-01,548.946,315.431,1010.04,28.43,,733.3131470555496,415.2891052951917,1.7657895131496484
2023-03-01,547.054,316.514,1007.592,28.59,,730.7857063341869,417.62629336579425,1.7498555956439739
2023-04-01,547.039,317.278,1011.879,28.69,,730.7656684849161,419.08703590992087,1.743708599571159
2023-05-01,547.452,318.205,1019.584,28.78,,731.3173772681733,420.4017041996348,1.7395680606491903
2023-06-01,547.487,320.002,1023.107,28.89,,731.3641322498053,422.00852099817405,1.733055367033619
2023-07-01,547.356,321.087,1021.483,29.02,,731.1891350328399,423.90748630553855,1.7248790329355563
2023-08-01,547.848,321.894,1029.389,29.06,,731.8463764889236,424.4917833231892,1.724053103595007
2023-09-01,548.636,323.563,1041.741,29.16,,732.899031503952,425.95252586731584,1.720612009546458
2023-10-01,549.746,323.964,1051.855,29.27,,734.3818323499945,427.55934266585507,1.717613811853777
2023-11-01,552.23,324.735,1052.718,29.38,,737.7001001892464,429.16615946439435,1.7189148862759984
2023-12-01,554.294,325.64,1057.884,29.48,,740.4573082489147,430.6269020085209,1.7194868801630585
2024-01-01,556.567,328.222,1074.709,29.61,83730.0,743.4937103417567,432.52586731588553,1.7189577931041122
2024-02-01,556.727,329.704,1071.771,29.67,,743.7074474006458,433.4023128423615,1.7159748006955136
2024-03-01,559.182,331.247,1084.978,29.8,,746.9869753979741,435.30127814972604,1.7160229314581539
2024-04-01,561.416,331.688,1091.314,29.85,,749.971279082712,436.03164942178944,1.7199927575836067
2024-05-01,564.235,332.777,1094.52,29.97,,753.7370588890127,437.7845404747412,1.7217078019055836
2024-06-01,565.299,334.087,1095.752,30.07,,755.1584103306246,439.2452830188679,1.719218030391886
2024-07-01,564.919,335.056,1084.877,30.17,,754.6507848157632,440.7060255629945,1.7123677486635442
2024-08-01,564.364,335.931,1089.007,30.27,,753.909384392742,442.166768107121,1.7050340251036167
2024-09-01,566.497,336.776,1091.953,30.38,,756.7587665590561,443.7735849056603,1.7052812341679413
2024-10-01,567.835,337.47,1096.871,30.49,,758.5461427140156,445.3804017041995,1.7031421674854157
2024-11-01,569.16,338.048,1097.616,30.58,,760.31615273294,446.6950699939135,1.7020921066876782
2024-12-01,569.902,338.883,1100.1,30.67,,761.307358343538,448.0097382836274,1.6993098437105114
2025-01-01,571.234,340.875,1109.604,30.8,,763.086719358789,449.90870359099205,1.696092370003369
2025-02-01,572.797,342.398,1112.111,30.91,,765.174663252811,451.51552038953133,1.694680755586607
2025-03-01,573.966,343.512,1126.761,30.97,,766.7362796393188,452.3919659160073,1.6948494611013358
2025-04-01,576.785,344.801,1132.81,31.05,,770.5020594456196,453.56055995130856,1.698785404816362
2025-05-01,578.236,345.938,1137.349,31.14,,772.4403873984194,454.87522824102246,1.6981368503741212
2025-06-01,580.978,347.593,1142.123,31.26,,776.1033062451298,456.6281192939744,1.699639758158387
2025-07-01,584.77,348.21,1147.151,31.34,,781.1688745407994,457.79671332927563,1.7063662796087715
2025-08-01,583.832,349.277,1146.916,31.46,,779.9158410330625,459.54960438222764,1.697130916000903
